plant,gem_location_id,mw,year,pollutant,tonnes,method,value_class,cnpj,razao_social,municipio,match_type,t_per_gwh_full_cf
GNA I,L100000406493,1338,2021,CO,27.68,measured,value,23.449.511/0001-90,UTE GNA I GERAÇÃO DE ENERGIA S.A.,SAO JOAO DA BARRA,clean,0.002
GNA I,L100000406493,1338,2021,NOx,1294.49,measured,value,23.449.511/0001-90,UTE GNA I GERAÇÃO DE ENERGIA S.A.,SAO JOAO DA BARRA,clean,0.11
GNA I,L100000406493,1338,2022,CO,14.37,measured,value,23.449.511/0001-90,UTE GNA I GERAÇÃO DE ENERGIA S.A.,SAO JOAO DA BARRA,clean,0.001
GNA I,L100000406493,1338,2022,NOx,301.25,measured,value,23.449.511/0001-90,UTE GNA I GERAÇÃO DE ENERGIA S.A.,SAO JOAO DA BARRA,clean,0.026
GNA I,L100000406493,1338,2023,CO,4037.07,measured,value,23.449.511/0001-90,UTE GNA I GERAÇÃO DE ENERGIA S.A.,SAO JOAO DA BARRA,clean,0.344
GNA I,L100000406493,1338,2023,NOx,1249.85,measured,value,23.449.511/0001-90,UTE GNA I GERAÇÃO DE ENERGIA S.A.,SAO JOAO DA BARRA,clean,0.107
GNA I,L100000406493,1338,2024,CO,320.19,measured,value,23.449.511/0001-90,UTE GNA I GERAÇÃO DE ENERGIA S.A.,SAO JOAO DA BARRA,clean,0.027
GNA I,L100000406493,1338,2024,NOx,1637.34,measured,value,23.449.511/0001-90,UTE GNA I GERAÇÃO DE ENERGIA S.A.,SAO JOAO DA BARRA,clean,0.14
Governador Leonel Brizola (Termorio),L100000406489,989,2013,CO,2365.51,calculated,value,33.000.167/0092-49,PETROLEO BRASILEIRO S.A.,DUQUE DE CAXIAS,probable,0.273
Governador Leonel Brizola (Termorio),L100000406489,989,2013,NOx,8823.44,calculated,value,33.000.167/0092-49,PETROLEO BRASILEIRO S.A.,DUQUE DE CAXIAS,probable,1.018
Governador Leonel Brizola (Termorio),L100000406489,989,2013,PM,192.54,calculated,value,33.000.167/0092-49,PETROLEO BRASILEIRO S.A.,DUQUE DE CAXIAS,probable,0.022
Governador Leonel Brizola (Termorio),L100000406489,989,2013,SOx,0.02,calculated,value,33.000.167/0092-49,PETROLEO BRASILEIRO S.A.,DUQUE DE CAXIAS,probable,0.0
Governador Leonel Brizola (Termorio),L100000406489,989,2014,CO,2405.63,calculated,value,33.000.167/0092-49,PETROLEO BRASILEIRO S.A.,DUQUE DE CAXIAS,probable,0.278
Governador Leonel Brizola (Termorio),L100000406489,989,2014,NOx,9039.2,calculated,value,33.000.167/0092-49,PETROLEO BRASILEIRO S.A.,DUQUE DE CAXIAS,probable,1.043
Governador Leonel Brizola (Termorio),L100000406489,989,2014,PM,195.78,calculated,value,33.000.167/0092-49,PETROLEO BRASILEIRO S.A.,DUQUE DE CAXIAS,probable,0.023
Governador Leonel Brizola (Termorio),L100000406489,989,2014,SOx,0.02,calculated,value,33.000.167/0092-49,PETROLEO BRASILEIRO S.A.,DUQUE DE CAXIAS,probable,0.0
Governador Leonel Brizola (Termorio),L100000406489,989,2015,CO,2315.61,calculated,value,33.000.167/0092-49,PETROLEO BRASILEIRO S.A.,DUQUE DE CAXIAS,probable,0.267
Governador Leonel Brizola (Termorio),L100000406489,989,2015,NOx,8690.93,calculated,value,33.000.167/0092-49,PETROLEO BRASILEIRO S.A.,DUQUE DE CAXIAS,probable,1.003
Governador Leonel Brizola (Termorio),L100000406489,989,2015,PM,188.51,calculated,value,33.000.167/0092-49,PETROLEO BRASILEIRO S.A.,DUQUE DE CAXIAS,probable,0.022
Governador Leonel Brizola (Termorio),L100000406489,989,2015,SOx,0.02,calculated,value,33.000.167/0092-49,PETROLEO BRASILEIRO S.A.,DUQUE DE CAXIAS,probable,0.0
Governador Leonel Brizola (Termorio),L100000406489,989,2016,CO,1629.88,estimated,value,33.000.167/0092-49,PETROLEO BRASILEIRO S.A.,DUQUE DE CAXIAS,probable,0.188
Governador Leonel Brizola (Termorio),L100000406489,989,2016,NOx,6134.06,estimated,value,33.000.167/0092-49,PETROLEO BRASILEIRO S.A.,DUQUE DE CAXIAS,probable,0.708
Governador Leonel Brizola (Termorio),L100000406489,989,2016,PM,132.58,estimated,value,33.000.167/0092-49,PETROLEO BRASILEIRO S.A.,DUQUE DE CAXIAS,probable,0.015
Governador Leonel Brizola (Termorio),L100000406489,989,2016,SOx,0.01,estimated,value,33.000.167/0092-49,PETROLEO BRASILEIRO S.A.,DUQUE DE CAXIAS,probable,0.0
Governador Leonel Brizola (Termorio),L100000406489,989,2017,CO,1973.74,calculated,value,33.000.167/0092-49,PETROLEO BRASILEIRO S.A.,DUQUE DE CAXIAS,probable,0.228
Governador Leonel Brizola (Termorio),L100000406489,989,2017,NOx,7484.6,calculated,value,33.000.167/0092-49,PETROLEO BRASILEIRO S.A.,DUQUE DE CAXIAS,probable,0.864
Governador Leonel Brizola (Termorio),L100000406489,989,2017,PM,160.21,calculated,value,33.000.167/0092-49,PETROLEO BRASILEIRO S.A.,DUQUE DE CAXIAS,probable,0.018
Governador Leonel Brizola (Termorio),L100000406489,989,2017,SOx,0.08,calculated,value,33.000.167/0092-49,PETROLEO BRASILEIRO S.A.,DUQUE DE CAXIAS,probable,0.0
Governador Leonel Brizola (Termorio),L100000406489,989,2018,CO,451.04,calculated,value,33.000.167/0092-49,PETROLEO BRASILEIRO S.A.,DUQUE DE CAXIAS,probable,0.052
Governador Leonel Brizola (Termorio),L100000406489,989,2018,NOx,2217.81,calculated,value,33.000.167/0092-49,PETROLEO BRASILEIRO S.A.,DUQUE DE CAXIAS,probable,0.256
Governador Leonel Brizola (Termorio),L100000406489,989,2018,PM,137.07,calculated,value,33.000.167/0092-49,PETROLEO BRASILEIRO S.A.,DUQUE DE CAXIAS,probable,0.016
Governador Leonel Brizola (Termorio),L100000406489,989,2018,SOx,0.01,calculated,value,33.000.167/0092-49,PETROLEO BRASILEIRO S.A.,DUQUE DE CAXIAS,probable,0.0
Governador Leonel Brizola (Termorio),L100000406489,989,2019,CO,337.11,calculated,value,33.000.167/0092-49,PETROLEO BRASILEIRO S.A.,DUQUE DE CAXIAS,probable,0.039
Governador Leonel Brizola (Termorio),L100000406489,989,2019,NOx,1989.42,calculated,value,33.000.167/0092-49,PETROLEO BRASILEIRO S.A.,DUQUE DE CAXIAS,probable,0.23
Governador Leonel Brizola (Termorio),L100000406489,989,2019,PM,112.08,calculated,value,33.000.167/0092-49,PETROLEO BRASILEIRO S.A.,DUQUE DE CAXIAS,probable,0.013
Governador Leonel Brizola (Termorio),L100000406489,989,2019,SOx,0.01,calculated,value,33.000.167/0092-49,PETROLEO BRASILEIRO S.A.,DUQUE DE CAXIAS,probable,0.0
Governador Leonel Brizola (Termorio),L100000406489,989,2020,CO,333.01,calculated,value,33.000.167/0092-49,PETROLEO BRASILEIRO S.A.,DUQUE DE CAXIAS,probable,0.038
Governador Leonel Brizola (Termorio),L100000406489,989,2020,NOx,1922.95,calculated,value,33.000.167/0092-49,PETROLEO BRASILEIRO S.A.,DUQUE DE CAXIAS,probable,0.222
Governador Leonel Brizola (Termorio),L100000406489,989,2020,PM,104.2,calculated,value,33.000.167/0092-49,PETROLEO BRASILEIRO S.A.,DUQUE DE CAXIAS,probable,0.012
Governador Leonel Brizola (Termorio),L100000406489,989,2020,SOx,0.0,calculated,reported-zero,33.000.167/0092-49,PETROLEO BRASILEIRO S.A.,DUQUE DE CAXIAS,probable,0.0
Governador Leonel Brizola (Termorio),L100000406489,989,2021,CO,491.89,calculated,value,33.000.167/0092-49,PETROLEO BRASILEIRO S.A.,DUQUE DE CAXIAS,probable,0.057
Governador Leonel Brizola (Termorio),L100000406489,989,2021,NOx,2880.88,calculated,value,33.000.167/0092-49,PETROLEO BRASILEIRO S.A.,DUQUE DE CAXIAS,probable,0.333
Governador Leonel Brizola (Termorio),L100000406489,989,2021,PM,160.15,calculated,value,33.000.167/0092-49,PETROLEO BRASILEIRO S.A.,DUQUE DE CAXIAS,probable,0.018
Governador Leonel Brizola (Termorio),L100000406489,989,2021,SOx,0.01,calculated,value,33.000.167/0092-49,PETROLEO BRASILEIRO S.A.,DUQUE DE CAXIAS,probable,0.0
Governador Leonel Brizola (Termorio),L100000406489,989,2022,CO,250.91,calculated,value,33.000.167/0092-49,PETROLEO BRASILEIRO S.A.,DUQUE DE CAXIAS,probable,0.029
Governador Leonel Brizola (Termorio),L100000406489,989,2022,NOx,1425.42,calculated,value,33.000.167/0092-49,PETROLEO BRASILEIRO S.A.,DUQUE DE CAXIAS,probable,0.165
Governador Leonel Brizola (Termorio),L100000406489,989,2022,PM,74.91,calculated,value,33.000.167/0092-49,PETROLEO BRASILEIRO S.A.,DUQUE DE CAXIAS,probable,0.009
Governador Leonel Brizola (Termorio),L100000406489,989,2022,SOx,0.0,estimated,reported-zero,33.000.167/0092-49,PETROLEO BRASILEIRO S.A.,DUQUE DE CAXIAS,probable,0.0
Governador Leonel Brizola (Termorio),L100000406489,989,2023,CO,231.19,calculated,value,33.000.167/0092-49,PETROLEO BRASILEIRO S.A.,DUQUE DE CAXIAS,probable,0.027
Governador Leonel Brizola (Termorio),L100000406489,989,2023,NOx,1083.27,calculated,value,33.000.167/0092-49,PETROLEO BRASILEIRO S.A.,DUQUE DE CAXIAS,probable,0.125
Governador Leonel Brizola (Termorio),L100000406489,989,2023,PM,64.84,calculated,value,33.000.167/0092-49,PETROLEO BRASILEIRO S.A.,DUQUE DE CAXIAS,probable,0.007
Governador Leonel Brizola (Termorio),L100000406489,989,2023,SOx,0.0,calculated,reported-zero,33.000.167/0092-49,PETROLEO BRASILEIRO S.A.,DUQUE DE CAXIAS,probable,0.0
Governador Leonel Brizola (Termorio),L100000406489,989,2024,CO,223.29,calculated,value,33.000.167/0092-49,PETROLEO BRASILEIRO S.A.,DUQUE DE CAXIAS,probable,0.026
Governador Leonel Brizola (Termorio),L100000406489,989,2024,NOx,1159.88,calculated,value,33.000.167/0092-49,PETROLEO BRASILEIRO S.A.,DUQUE DE CAXIAS,probable,0.134
Governador Leonel Brizola (Termorio),L100000406489,989,2024,PM,72.03,calculated,value,33.000.167/0092-49,PETROLEO BRASILEIRO S.A.,DUQUE DE CAXIAS,probable,0.008
Governador Leonel Brizola (Termorio),L100000406489,989,2024,SOx,0.02,calculated,value,33.000.167/0092-49,PETROLEO BRASILEIRO S.A.,DUQUE DE CAXIAS,probable,0.0
Governador Leonel Brizola (Termorio),L100000406489,989,2025,CO,234.73,calculated,value,33.000.167/0092-49,PETROLEO BRASILEIRO S.A.,DUQUE DE CAXIAS,probable,0.027
Governador Leonel Brizola (Termorio),L100000406489,989,2025,NOx,1140.31,calculated,value,33.000.167/0092-49,PETROLEO BRASILEIRO S.A.,DUQUE DE CAXIAS,probable,0.132
Governador Leonel Brizola (Termorio),L100000406489,989,2025,PM,69.14,calculated,value,33.000.167/0092-49,PETROLEO BRASILEIRO S.A.,DUQUE DE CAXIAS,probable,0.008
Governador Leonel Brizola (Termorio),L100000406489,989,2025,SOx,0.01,calculated,value,33.000.167/0092-49,PETROLEO BRASILEIRO S.A.,DUQUE DE CAXIAS,probable,0.0
Karkey 013,L100000408546,259,,,,,,,,,none,
Maua 3,L100000406511,591,2018,NOx,8.37,estimated,value,17.957.780/0007-50,AMAZONAS GERAÇÃO E TRANSMISSÃO DE ENERGIA S.A.,MANAUS,clean,0.002
Maua 3,L100000406511,591,2019,NOx,135.67,estimated,value,17.957.780/0007-50,AMAZONAS GERAÇÃO E TRANSMISSÃO DE ENERGIA S.A.,MANAUS,clean,0.026
Maua 3,L100000406511,591,2020,NOx,22.2,estimated,value,17.957.780/0007-50,AMAZONAS GERAÇÃO E TRANSMISSÃO DE ENERGIA S.A.,MANAUS,clean,0.004
Maua 3,L100000406511,591,2025,CO,7.35,measured,value,00.350.763/0012-15,J&F INVESTIMENTOS S.A,MANAUS,clean,0.001
Maua 3,L100000406511,591,2025,NOx,25.95,measured,value,00.350.763/0012-15,J&F INVESTIMENTOS S.A,MANAUS,clean,0.005
Maua 3,L100000406511,591,2025,SOx,0.0,measured,reported-zero,00.350.763/0012-15,J&F INVESTIMENTOS S.A,MANAUS,clean,0.0
Norte Fluminense,L100000406520,827,2013,NOx,6503.0,estimated,value,03.258.983/0002-30,USINA TERMELETRICA NORTE FLUMINENSE S.A,MACAE,clean,0.898
Norte Fluminense,L100000406520,827,2014,NOx,1841.0,calculated,value,03.258.983/0002-30,USINA TERMELETRICA NORTE FLUMINENSE S.A,MACAE,clean,0.254
Norte Fluminense,L100000406520,827,2015,NOx,1792.93,estimated,value,03.258.983/0002-30,USINA TERMELETRICA NORTE FLUMINENSE S.A,MACAE,clean,0.247
Norte Fluminense,L100000406520,827,2016,NOx,1631.72,estimated,value,03.258.983/0002-30,USINA TERMELETRICA NORTE FLUMINENSE S.A,MACAE,clean,0.225
Norte Fluminense,L100000406520,827,2017,CO,271.16,estimated,value,03.258.983/0002-30,USINA TERMELETRICA NORTE FLUMINENSE S.A,MACAE,clean,0.037
Norte Fluminense,L100000406520,827,2017,NOx,1772.35,estimated,value,03.258.983/0002-30,USINA TERMELETRICA NORTE FLUMINENSE S.A,MACAE,clean,0.245
Norte Fluminense,L100000406520,827,2018,CO,302.19,estimated,value,03.258.983/0002-30,USINA TERMELETRICA NORTE FLUMINENSE S.A,MACAE,clean,0.042
Norte Fluminense,L100000406520,827,2018,NOx,1408.34,estimated,value,03.258.983/0002-30,USINA TERMELETRICA NORTE FLUMINENSE S.A,MACAE,clean,0.194
Norte Fluminense,L100000406520,827,2019,CO,248.53,estimated,value,03.258.983/0002-30,USINA TERMELETRICA NORTE FLUMINENSE S.A,MACAE,clean,0.034
Norte Fluminense,L100000406520,827,2019,NOx,1167.72,estimated,value,03.258.983/0002-30,USINA TERMELETRICA NORTE FLUMINENSE S.A,MACAE,clean,0.161
Norte Fluminense,L100000406520,827,2020,CO,388.89,estimated,value,03.258.983/0002-30,USINA TERMELETRICA NORTE FLUMINENSE S.A,MACAE,clean,0.054
Norte Fluminense,L100000406520,827,2020,NOx,1408.92,estimated,value,03.258.983/0002-30,USINA TERMELETRICA NORTE FLUMINENSE S.A,MACAE,clean,0.194
Norte Fluminense,L100000406520,827,2021,CO,458.36,estimated,value,03.258.983/0002-30,USINA TERMELETRICA NORTE FLUMINENSE S.A,MACAE,clean,0.063
Norte Fluminense,L100000406520,827,2021,NOx,1266.54,estimated,value,03.258.983/0002-30,USINA TERMELETRICA NORTE FLUMINENSE S.A,MACAE,clean,0.175
Norte Fluminense,L100000406520,827,2022,CO,82.98,estimated,value,03.258.983/0002-30,USINA TERMELETRICA NORTE FLUMINENSE S.A,MACAE,clean,0.011
Norte Fluminense,L100000406520,827,2022,NOx,211.31,estimated,value,03.258.983/0002-30,USINA TERMELETRICA NORTE FLUMINENSE S.A,MACAE,clean,0.029
Norte Fluminense,L100000406520,827,2023,CO,45.24,estimated,value,03.258.983/0002-30,USINA TERMELETRICA NORTE FLUMINENSE S.A,MACAE,clean,0.006
Norte Fluminense,L100000406520,827,2023,NOx,52.53,estimated,value,03.258.983/0002-30,USINA TERMELETRICA NORTE FLUMINENSE S.A,MACAE,clean,0.007
Norte Fluminense,L100000406520,827,2024,CO,242.59,estimated,value,03.258.983/0002-30,USINA TERMELETRICA NORTE FLUMINENSE S.A,MACAE,clean,0.033
Norte Fluminense,L100000406520,827,2024,NOx,294.4,estimated,value,03.258.983/0002-30,USINA TERMELETRICA NORTE FLUMINENSE S.A,MACAE,clean,0.041
Norte Fluminense,L100000406520,827,2025,CO,3.79,estimated,value,03.258.983/0002-30,USINA TERMELETRICA NORTE FLUMINENSE S.A,MACAE,clean,0.001
Norte Fluminense,L100000406520,827,2025,NOx,5.37,estimated,value,03.258.983/0002-30,USINA TERMELETRICA NORTE FLUMINENSE S.A,MACAE,clean,0.001
Parnaiba,L100000406523,1906,2013,CO,0.01,estimated,placeholder,10.536.701/0001-01,PARNAIBA III GERAÇÃO DE ENERGIA S.A,SANTO ANTONIO DOS LOPES,complex-sum,0.0
Parnaiba,L100000406523,1906,2013,CO,0.04,estimated,placeholder,11.744.699/0001-10,PARNAIBA I GERAÇÃO DE ENERGIA S.A,SANTO ANTONIO DOS LOPES,complex-sum,0.0
Parnaiba,L100000406523,1906,2013,CO,0.01,estimated,placeholder,15.842.091/0001-80,PARNAÍBA IV GERAÇÃO DE ENERGIA S.A.,SANTO ANTONIO DOS LOPES,complex-sum,0.0
Parnaiba,L100000406523,1906,2013,NOx,0.01,estimated,placeholder,10.536.701/0001-01,PARNAIBA III GERAÇÃO DE ENERGIA S.A,SANTO ANTONIO DOS LOPES,complex-sum,0.0
Parnaiba,L100000406523,1906,2013,NOx,0.05,estimated,placeholder,11.744.699/0001-10,PARNAIBA I GERAÇÃO DE ENERGIA S.A,SANTO ANTONIO DOS LOPES,complex-sum,0.0
Parnaiba,L100000406523,1906,2013,NOx,0.03,estimated,placeholder,15.842.091/0001-80,PARNAÍBA IV GERAÇÃO DE ENERGIA S.A.,SANTO ANTONIO DOS LOPES,complex-sum,0.0
Parnaiba,L100000406523,1906,2013,PM,0.01,estimated,placeholder,10.536.701/0001-01,PARNAIBA III GERAÇÃO DE ENERGIA S.A,SANTO ANTONIO DOS LOPES,complex-sum,0.0
Parnaiba,L100000406523,1906,2013,PM,0.01,estimated,placeholder,11.744.699/0001-10,PARNAIBA I GERAÇÃO DE ENERGIA S.A,SANTO ANTONIO DOS LOPES,complex-sum,0.0
Parnaiba,L100000406523,1906,2013,SOx,0.01,estimated,placeholder,10.536.701/0001-01,PARNAIBA III GERAÇÃO DE ENERGIA S.A,SANTO ANTONIO DOS LOPES,complex-sum,0.0
Parnaiba,L100000406523,1906,2013,SOx,0.03,estimated,placeholder,11.744.699/0001-10,PARNAIBA I GERAÇÃO DE ENERGIA S.A,SANTO ANTONIO DOS LOPES,complex-sum,0.0
Parnaiba,L100000406523,1906,2013,SOx,0.02,estimated,placeholder,15.842.091/0001-80,PARNAÍBA IV GERAÇÃO DE ENERGIA S.A.,SANTO ANTONIO DOS LOPES,complex-sum,0.0
Parnaiba,L100000406523,1906,2014,CO,0.01,estimated,placeholder,10.536.701/0001-01,PARNAIBA III GERAÇÃO DE ENERGIA S.A,SANTO ANTONIO DOS LOPES,complex-sum,0.0
Parnaiba,L100000406523,1906,2014,CO,0.02,estimated,placeholder,11.744.699/0001-10,PARNAIBA I GERAÇÃO DE ENERGIA S.A,SANTO ANTONIO DOS LOPES,complex-sum,0.0
Parnaiba,L100000406523,1906,2014,CO,0.01,estimated,placeholder,14.578.002/0001-77,PARNAIBA II GERACAO DE ENERGIA S.A,SANTO ANTONIO DOS LOPES,complex-sum,0.0
Parnaiba,L100000406523,1906,2014,CO,0.01,estimated,placeholder,15.842.091/0001-80,PARNAÍBA IV GERAÇÃO DE ENERGIA S.A.,SANTO ANTONIO DOS LOPES,complex-sum,0.0
Parnaiba,L100000406523,1906,2014,NOx,0.01,estimated,placeholder,10.536.701/0001-01,PARNAIBA III GERAÇÃO DE ENERGIA S.A,SANTO ANTONIO DOS LOPES,complex-sum,0.0
Parnaiba,L100000406523,1906,2014,NOx,0.03,estimated,placeholder,11.744.699/0001-10,PARNAIBA I GERAÇÃO DE ENERGIA S.A,SANTO ANTONIO DOS LOPES,complex-sum,0.0
Parnaiba,L100000406523,1906,2014,NOx,0.01,estimated,placeholder,14.578.002/0001-77,PARNAIBA II GERACAO DE ENERGIA S.A,SANTO ANTONIO DOS LOPES,complex-sum,0.0
Parnaiba,L100000406523,1906,2014,NOx,0.03,estimated,placeholder,15.842.091/0001-80,PARNAÍBA IV GERAÇÃO DE ENERGIA S.A.,SANTO ANTONIO DOS LOPES,complex-sum,0.0
Parnaiba,L100000406523,1906,2014,PM,0.01,estimated,placeholder,10.536.701/0001-01,PARNAIBA III GERAÇÃO DE ENERGIA S.A,SANTO ANTONIO DOS LOPES,complex-sum,0.0
Parnaiba,L100000406523,1906,2014,PM,0.01,estimated,placeholder,11.744.699/0001-10,PARNAIBA I GERAÇÃO DE ENERGIA S.A,SANTO ANTONIO DOS LOPES,complex-sum,0.0
Parnaiba,L100000406523,1906,2014,PM,0.01,estimated,placeholder,14.578.002/0001-77,PARNAIBA II GERACAO DE ENERGIA S.A,SANTO ANTONIO DOS LOPES,complex-sum,0.0
Parnaiba,L100000406523,1906,2014,SOx,0.01,estimated,placeholder,10.536.701/0001-01,PARNAIBA III GERAÇÃO DE ENERGIA S.A,SANTO ANTONIO DOS LOPES,complex-sum,0.0
Parnaiba,L100000406523,1906,2014,SOx,0.02,estimated,placeholder,11.744.699/0001-10,PARNAIBA I GERAÇÃO DE ENERGIA S.A,SANTO ANTONIO DOS LOPES,complex-sum,0.0
Parnaiba,L100000406523,1906,2014,SOx,0.01,estimated,placeholder,14.578.002/0001-77,PARNAIBA II GERACAO DE ENERGIA S.A,SANTO ANTONIO DOS LOPES,complex-sum,0.0
Parnaiba,L100000406523,1906,2014,SOx,0.02,estimated,placeholder,15.842.091/0001-80,PARNAÍBA IV GERAÇÃO DE ENERGIA S.A.,SANTO ANTONIO DOS LOPES,complex-sum,0.0
Parnaiba,L100000406523,1906,2015,CO,215.74,calculated,value,10.536.701/0001-01,PARNAIBA III GERAÇÃO DE ENERGIA S.A,SANTO ANTONIO DOS LOPES,complex-sum,0.013
Parnaiba,L100000406523,1906,2015,CO,283.39,calculated,value,11.744.699/0001-10,PARNAIBA I GERAÇÃO DE ENERGIA S.A,SANTO ANTONIO DOS LOPES,complex-sum,0.017
Parnaiba,L100000406523,1906,2015,CO,580.78,calculated,value,14.578.002/0001-77,PARNAIBA II GERACAO DE ENERGIA S.A,SANTO ANTONIO DOS LOPES,complex-sum,0.035
Parnaiba,L100000406523,1906,2015,CO,98.5,calculated,value,15.842.091/0001-80,PARNAÍBA IV GERAÇÃO DE ENERGIA S.A.,SANTO ANTONIO DOS LOPES,complex-sum,0.006
Parnaiba,L100000406523,1906,2015,NOx,314.41,calculated,value,10.536.701/0001-01,PARNAIBA III GERAÇÃO DE ENERGIA S.A,SANTO ANTONIO DOS LOPES,complex-sum,0.019
Parnaiba,L100000406523,1906,2015,NOx,604.63,calculated,value,11.744.699/0001-10,PARNAIBA I GERAÇÃO DE ENERGIA S.A,SANTO ANTONIO DOS LOPES,complex-sum,0.036
Parnaiba,L100000406523,1906,2015,NOx,842.91,calculated,value,14.578.002/0001-77,PARNAIBA II GERACAO DE ENERGIA S.A,SANTO ANTONIO DOS LOPES,complex-sum,0.05
Parnaiba,L100000406523,1906,2015,NOx,129.95,calculated,value,15.842.091/0001-80,PARNAÍBA IV GERAÇÃO DE ENERGIA S.A.,SANTO ANTONIO DOS LOPES,complex-sum,0.008
Parnaiba,L100000406523,1906,2015,PM,33.78,calculated,value,10.536.701/0001-01,PARNAIBA III GERAÇÃO DE ENERGIA S.A,SANTO ANTONIO DOS LOPES,complex-sum,0.002
Parnaiba,L100000406523,1906,2015,PM,61.69,calculated,value,11.744.699/0001-10,PARNAIBA I GERAÇÃO DE ENERGIA S.A,SANTO ANTONIO DOS LOPES,complex-sum,0.004
Parnaiba,L100000406523,1906,2015,PM,87.26,calculated,value,14.578.002/0001-77,PARNAIBA II GERACAO DE ENERGIA S.A,SANTO ANTONIO DOS LOPES,complex-sum,0.005
Parnaiba,L100000406523,1906,2015,PM,7.08,calculated,value,15.842.091/0001-80,PARNAÍBA IV GERAÇÃO DE ENERGIA S.A.,SANTO ANTONIO DOS LOPES,complex-sum,0.0
Parnaiba,L100000406523,1906,2015,SOx,56.42,calculated,value,10.536.701/0001-01,PARNAIBA III GERAÇÃO DE ENERGIA S.A,SANTO ANTONIO DOS LOPES,complex-sum,0.003
Parnaiba,L100000406523,1906,2015,SOx,46.66,calculated,value,11.744.699/0001-10,PARNAIBA I GERAÇÃO DE ENERGIA S.A,SANTO ANTONIO DOS LOPES,complex-sum,0.003
Parnaiba,L100000406523,1906,2015,SOx,38.88,calculated,value,14.578.002/0001-77,PARNAIBA II GERACAO DE ENERGIA S.A,SANTO ANTONIO DOS LOPES,complex-sum,0.002
Parnaiba,L100000406523,1906,2015,SOx,2.42,calculated,value,15.842.091/0001-80,PARNAÍBA IV GERAÇÃO DE ENERGIA S.A.,SANTO ANTONIO DOS LOPES,complex-sum,0.0
Parnaiba,L100000406523,1906,2016,CO,218.74,estimated,value,10.536.701/0001-01,PARNAIBA III GERAÇÃO DE ENERGIA S.A,SANTO ANTONIO DOS LOPES,complex-sum,0.013
Parnaiba,L100000406523,1906,2016,CO,430.99,estimated,value,11.744.699/0001-10,PARNAIBA I GERAÇÃO DE ENERGIA S.A,SANTO ANTONIO DOS LOPES,complex-sum,0.026
Parnaiba,L100000406523,1906,2016,CO,588.85,estimated,value,14.578.002/0001-77,PARNAIBA II GERACAO DE ENERGIA S.A,SANTO ANTONIO DOS LOPES,complex-sum,0.035
Parnaiba,L100000406523,1906,2016,CO,67.03,estimated,value,15.842.091/0001-80,PARNAÍBA IV GERAÇÃO DE ENERGIA S.A.,SANTO ANTONIO DOS LOPES,complex-sum,0.004
Parnaiba,L100000406523,1906,2016,NOx,318.78,estimated,value,10.536.701/0001-01,PARNAIBA III GERAÇÃO DE ENERGIA S.A,SANTO ANTONIO DOS LOPES,complex-sum,0.019
Parnaiba,L100000406523,1906,2016,NOx,884.06,estimated,value,11.744.699/0001-10,PARNAIBA I GERAÇÃO DE ENERGIA S.A,SANTO ANTONIO DOS LOPES,complex-sum,0.053
Parnaiba,L100000406523,1906,2016,NOx,933.29,estimated,value,14.578.002/0001-77,PARNAIBA II GERACAO DE ENERGIA S.A,SANTO ANTONIO DOS LOPES,complex-sum,0.056
Parnaiba,L100000406523,1906,2016,NOx,88.44,estimated,value,15.842.091/0001-80,PARNAÍBA IV GERAÇÃO DE ENERGIA S.A.,SANTO ANTONIO DOS LOPES,complex-sum,0.005
Parnaiba,L100000406523,1906,2016,PM,34.25,estimated,value,10.536.701/0001-01,PARNAIBA III GERAÇÃO DE ENERGIA S.A,SANTO ANTONIO DOS LOPES,complex-sum,0.002
Parnaiba,L100000406523,1906,2016,PM,93.82,estimated,value,11.744.699/0001-10,PARNAIBA I GERAÇÃO DE ENERGIA S.A,SANTO ANTONIO DOS LOPES,complex-sum,0.006
Parnaiba,L100000406523,1906,2016,PM,82.69,estimated,value,14.578.002/0001-77,PARNAIBA II GERACAO DE ENERGIA S.A,SANTO ANTONIO DOS LOPES,complex-sum,0.005
Parnaiba,L100000406523,1906,2016,PM,7.7,estimated,value,15.842.091/0001-80,PARNAÍBA IV GERAÇÃO DE ENERGIA S.A.,SANTO ANTONIO DOS LOPES,complex-sum,0.0
Parnaiba,L100000406523,1906,2016,SOx,57.2,estimated,value,10.536.701/0001-01,PARNAIBA III GERAÇÃO DE ENERGIA S.A,SANTO ANTONIO DOS LOPES,complex-sum,0.003
Parnaiba,L100000406523,1906,2016,SOx,16.29,estimated,value,11.744.699/0001-10,PARNAIBA I GERAÇÃO DE ENERGIA S.A,SANTO ANTONIO DOS LOPES,complex-sum,0.001
Parnaiba,L100000406523,1906,2016,SOx,39.42,estimated,value,14.578.002/0001-77,PARNAIBA II GERACAO DE ENERGIA S.A,SANTO ANTONIO DOS LOPES,complex-sum,0.002
Parnaiba,L100000406523,1906,2016,SOx,1.65,estimated,value,15.842.091/0001-80,PARNAÍBA IV GERAÇÃO DE ENERGIA S.A.,SANTO ANTONIO DOS LOPES,complex-sum,0.0
Parnaiba,L100000406523,1906,2017,CO,93.28,estimated,value,10.536.701/0001-01,PARNAIBA III GERAÇÃO DE ENERGIA S.A,SANTO ANTONIO DOS LOPES,complex-sum,0.006
Parnaiba,L100000406523,1906,2017,CO,680.06,estimated,value,11.744.699/0001-10,PARNAIBA I GERAÇÃO DE ENERGIA S.A,SANTO ANTONIO DOS LOPES,complex-sum,0.041
Parnaiba,L100000406523,1906,2017,CO,268.5,estimated,value,14.578.002/0001-77,PARNAIBA II GERACAO DE ENERGIA S.A,SANTO ANTONIO DOS LOPES,complex-sum,0.016
Parnaiba,L100000406523,1906,2017,CO,59.45,estimated,value,15.842.091/0001-80,PARNAÍBA IV GERAÇÃO DE ENERGIA S.A.,SANTO ANTONIO DOS LOPES,complex-sum,0.004
Parnaiba,L100000406523,1906,2017,NOx,165.88,estimated,value,10.536.701/0001-01,PARNAIBA III GERAÇÃO DE ENERGIA S.A,SANTO ANTONIO DOS LOPES,complex-sum,0.01
Parnaiba,L100000406523,1906,2017,NOx,1190.38,estimated,value,11.744.699/0001-10,PARNAIBA I GERAÇÃO DE ENERGIA S.A,SANTO ANTONIO DOS LOPES,complex-sum,0.071
Parnaiba,L100000406523,1906,2017,NOx,329.55,estimated,value,14.578.002/0001-77,PARNAIBA II GERACAO DE ENERGIA S.A,SANTO ANTONIO DOS LOPES,complex-sum,0.02
Parnaiba,L100000406523,1906,2017,NOx,23.85,estimated,value,15.842.091/0001-80,PARNAÍBA IV GERAÇÃO DE ENERGIA S.A.,SANTO ANTONIO DOS LOPES,complex-sum,0.001
Parnaiba,L100000406523,1906,2017,PM,50.04,estimated,value,10.536.701/0001-01,PARNAIBA III GERAÇÃO DE ENERGIA S.A,SANTO ANTONIO DOS LOPES,complex-sum,0.003
Parnaiba,L100000406523,1906,2017,PM,107.98,estimated,value,11.744.699/0001-10,PARNAIBA I GERAÇÃO DE ENERGIA S.A,SANTO ANTONIO DOS LOPES,complex-sum,0.006
Parnaiba,L100000406523,1906,2017,PM,52.26,estimated,value,14.578.002/0001-77,PARNAIBA II GERACAO DE ENERGIA S.A,SANTO ANTONIO DOS LOPES,complex-sum,0.003
Parnaiba,L100000406523,1906,2017,PM,4.2,estimated,value,15.842.091/0001-80,PARNAÍBA IV GERAÇÃO DE ENERGIA S.A.,SANTO ANTONIO DOS LOPES,complex-sum,0.0
Parnaiba,L100000406523,1906,2017,SOx,0.89,estimated,value,10.536.701/0001-01,PARNAIBA III GERAÇÃO DE ENERGIA S.A,SANTO ANTONIO DOS LOPES,complex-sum,0.0
Parnaiba,L100000406523,1906,2017,SOx,3.7,estimated,value,11.744.699/0001-10,PARNAIBA I GERAÇÃO DE ENERGIA S.A,SANTO ANTONIO DOS LOPES,complex-sum,0.0
Parnaiba,L100000406523,1906,2017,SOx,18.74,estimated,value,14.578.002/0001-77,PARNAIBA II GERACAO DE ENERGIA S.A,SANTO ANTONIO DOS LOPES,complex-sum,0.001
Parnaiba,L100000406523,1906,2017,SOx,1.26,estimated,value,15.842.091/0001-80,PARNAÍBA IV GERAÇÃO DE ENERGIA S.A.,SANTO ANTONIO DOS LOPES,complex-sum,0.0
Parnaiba,L100000406523,1906,2018,CO,308.39,estimated,value,10.536.701/0001-01,PARNAIBA III GERAÇÃO DE ENERGIA S.A,SANTO ANTONIO DOS LOPES,complex-sum,0.018
Parnaiba,L100000406523,1906,2018,CO,368.3,estimated,value,11.744.699/0001-10,PARNAIBA I GERAÇÃO DE ENERGIA S.A,SANTO ANTONIO DOS LOPES,complex-sum,0.022
Parnaiba,L100000406523,1906,2018,CO,512.74,estimated,value,14.578.002/0001-77,PARNAIBA II GERACAO DE ENERGIA S.A,SANTO ANTONIO DOS LOPES,complex-sum,0.031
Parnaiba,L100000406523,1906,2018,CO,127.42,estimated,value,15.842.091/0001-80,PARNAÍBA IV GERAÇÃO DE ENERGIA S.A.,SANTO ANTONIO DOS LOPES,complex-sum,0.008
Parnaiba,L100000406523,1906,2018,NOx,318.02,estimated,value,10.536.701/0001-01,PARNAIBA III GERAÇÃO DE ENERGIA S.A,SANTO ANTONIO DOS LOPES,complex-sum,0.019
Parnaiba,L100000406523,1906,2018,NOx,736.6,estimated,value,11.744.699/0001-10,PARNAIBA I GERAÇÃO DE ENERGIA S.A,SANTO ANTONIO DOS LOPES,complex-sum,0.044
Parnaiba,L100000406523,1906,2018,NOx,379.23,estimated,value,14.578.002/0001-77,PARNAIBA II GERACAO DE ENERGIA S.A,SANTO ANTONIO DOS LOPES,complex-sum,0.023
Parnaiba,L100000406523,1906,2018,NOx,41.28,estimated,value,15.842.091/0001-80,PARNAÍBA IV GERAÇÃO DE ENERGIA S.A.,SANTO ANTONIO DOS LOPES,complex-sum,0.002
Parnaiba,L100000406523,1906,2018,PM,19.33,estimated,value,10.536.701/0001-01,PARNAIBA III GERAÇÃO DE ENERGIA S.A,SANTO ANTONIO DOS LOPES,complex-sum,0.001
Parnaiba,L100000406523,1906,2018,PM,87.65,estimated,value,11.744.699/0001-10,PARNAIBA I GERAÇÃO DE ENERGIA S.A,SANTO ANTONIO DOS LOPES,complex-sum,0.005
Parnaiba,L100000406523,1906,2018,PM,19.94,estimated,value,14.578.002/0001-77,PARNAIBA II GERACAO DE ENERGIA S.A,SANTO ANTONIO DOS LOPES,complex-sum,0.001
Parnaiba,L100000406523,1906,2018,PM,2.82,estimated,value,15.842.091/0001-80,PARNAÍBA IV GERAÇÃO DE ENERGIA S.A.,SANTO ANTONIO DOS LOPES,complex-sum,0.0
Parnaiba,L100000406523,1906,2018,SOx,0.69,estimated,value,10.536.701/0001-01,PARNAIBA III GERAÇÃO DE ENERGIA S.A,SANTO ANTONIO DOS LOPES,complex-sum,0.0
Parnaiba,L100000406523,1906,2018,SOx,0.52,estimated,value,11.744.699/0001-10,PARNAIBA I GERAÇÃO DE ENERGIA S.A,SANTO ANTONIO DOS LOPES,complex-sum,0.0
Parnaiba,L100000406523,1906,2018,SOx,0.87,estimated,value,14.578.002/0001-77,PARNAIBA II GERACAO DE ENERGIA S.A,SANTO ANTONIO DOS LOPES,complex-sum,0.0
Parnaiba,L100000406523,1906,2018,SOx,1.23,estimated,value,15.842.091/0001-80,PARNAÍBA IV GERAÇÃO DE ENERGIA S.A.,SANTO ANTONIO DOS LOPES,complex-sum,0.0
Parnaiba,L100000406523,1906,2019,CO,580.3,estimated,value,11.744.699/0001-10,PARNAIBA I GERAÇÃO DE ENERGIA S.A,SANTO ANTONIO DOS LOPES,complex-sum,0.035
Parnaiba,L100000406523,1906,2019,CO,530.78,estimated,value,14.578.002/0001-77,PARNAIBA II GERACAO DE ENERGIA S.A,SANTO ANTONIO DOS LOPES,complex-sum,0.032
Parnaiba,L100000406523,1906,2019,NOx,740.3,estimated,value,11.744.699/0001-10,PARNAIBA I GERAÇÃO DE ENERGIA S.A,SANTO ANTONIO DOS LOPES,complex-sum,0.044
Parnaiba,L100000406523,1906,2019,NOx,480.11,estimated,value,14.578.002/0001-77,PARNAIBA II GERACAO DE ENERGIA S.A,SANTO ANTONIO DOS LOPES,complex-sum,0.029
Parnaiba,L100000406523,1906,2019,PM,90.36,estimated,value,11.744.699/0001-10,PARNAIBA I GERAÇÃO DE ENERGIA S.A,SANTO ANTONIO DOS LOPES,complex-sum,0.005
Parnaiba,L100000406523,1906,2019,PM,28.5,estimated,value,14.578.002/0001-77,PARNAIBA II GERACAO DE ENERGIA S.A,SANTO ANTONIO DOS LOPES,complex-sum,0.002
Parnaiba,L100000406523,1906,2019,SOx,27.36,estimated,value,11.744.699/0001-10,PARNAIBA I GERAÇÃO DE ENERGIA S.A,SANTO ANTONIO DOS LOPES,complex-sum,0.002
Parnaiba,L100000406523,1906,2019,SOx,16.45,estimated,value,14.578.002/0001-77,PARNAIBA II GERACAO DE ENERGIA S.A,SANTO ANTONIO DOS LOPES,complex-sum,0.001
Parnaiba,L100000406523,1906,2020,CO,49.4,measured,value,14.578.002/0001-77,PARNAIBA II GERACAO DE ENERGIA S.A,SANTO ANTONIO DOS LOPES,complex-sum,0.003
Parnaiba,L100000406523,1906,2020,CO,74.62,measured,value,15.743.303/0001-71,PARNAÍBA GERAÇÃO E COMERCIALIZAÇÃO DE ENERGIA S.A.,SANTO ANTONIO DOS LOPES,complex-sum,0.004
Parnaiba,L100000406523,1906,2020,NOx,159.13,measured,value,14.578.002/0001-77,PARNAIBA II GERACAO DE ENERGIA S.A,SANTO ANTONIO DOS LOPES,complex-sum,0.01
Parnaiba,L100000406523,1906,2020,NOx,238.01,measured,value,15.743.303/0001-71,PARNAÍBA GERAÇÃO E COMERCIALIZAÇÃO DE ENERGIA S.A.,SANTO ANTONIO DOS LOPES,complex-sum,0.014
Parnaiba,L100000406523,1906,2020,PM,27.0,estimated,value,14.578.002/0001-77,PARNAIBA II GERACAO DE ENERGIA S.A,SANTO ANTONIO DOS LOPES,complex-sum,0.002
Parnaiba,L100000406523,1906,2020,SOx,15.8,estimated,value,14.578.002/0001-77,PARNAIBA II GERACAO DE ENERGIA S.A,SANTO ANTONIO DOS LOPES,complex-sum,0.001
Parnaiba,L100000406523,1906,2021,CO,27.1,calculated,value,14.578.002/0001-77,PARNAIBA II GERACAO DE ENERGIA S.A,SANTO ANTONIO DOS LOPES,complex-sum,0.002
Parnaiba,L100000406523,1906,2021,CO,25.2,measured,value,15.743.303/0001-71,PARNAÍBA GERAÇÃO E COMERCIALIZAÇÃO DE ENERGIA S.A.,SANTO ANTONIO DOS LOPES,complex-sum,0.002
Parnaiba,L100000406523,1906,2021,NOx,100.0,measured,value,14.578.002/0001-77,PARNAIBA II GERACAO DE ENERGIA S.A,SANTO ANTONIO DOS LOPES,complex-sum,0.006
Parnaiba,L100000406523,1906,2021,NOx,74.8,measured,value,15.743.303/0001-71,PARNAÍBA GERAÇÃO E COMERCIALIZAÇÃO DE ENERGIA S.A.,SANTO ANTONIO DOS LOPES,complex-sum,0.004
Parnaiba,L100000406523,1906,2021,PM,15.0,estimated,value,14.578.002/0001-77,PARNAIBA II GERACAO DE ENERGIA S.A,SANTO ANTONIO DOS LOPES,complex-sum,0.001
Parnaiba,L100000406523,1906,2021,PM,12.1,estimated,value,15.743.303/0001-71,PARNAÍBA GERAÇÃO E COMERCIALIZAÇÃO DE ENERGIA S.A.,SANTO ANTONIO DOS LOPES,complex-sum,0.001
Parnaiba,L100000406523,1906,2021,SOx,10.3,estimated,value,14.578.002/0001-77,PARNAIBA II GERACAO DE ENERGIA S.A,SANTO ANTONIO DOS LOPES,complex-sum,0.001
Parnaiba,L100000406523,1906,2021,SOx,7.2,estimated,value,15.743.303/0001-71,PARNAÍBA GERAÇÃO E COMERCIALIZAÇÃO DE ENERGIA S.A.,SANTO ANTONIO DOS LOPES,complex-sum,0.0
Parnaiba,L100000406523,1906,2022,CO,110.96,calculated,value,14.578.002/0001-77,PARNAIBA II GERACAO DE ENERGIA S.A,SANTO ANTONIO DOS LOPES,complex-sum,0.007
Parnaiba,L100000406523,1906,2022,CO,89.91,calculated,value,15.743.303/0001-71,PARNAÍBA GERAÇÃO E COMERCIALIZAÇÃO DE ENERGIA S.A.,SANTO ANTONIO DOS LOPES,complex-sum,0.005
Parnaiba,L100000406523,1906,2022,NOx,288.4,calculated,value,14.578.002/0001-77,PARNAIBA II GERACAO DE ENERGIA S.A,SANTO ANTONIO DOS LOPES,complex-sum,0.017
Parnaiba,L100000406523,1906,2022,NOx,198.19,calculated,value,15.743.303/0001-71,PARNAÍBA GERAÇÃO E COMERCIALIZAÇÃO DE ENERGIA S.A.,SANTO ANTONIO DOS LOPES,complex-sum,0.012
Parnaiba,L100000406523,1906,2022,PM,20.63,estimated,value,14.578.002/0001-77,PARNAIBA II GERACAO DE ENERGIA S.A,SANTO ANTONIO DOS LOPES,complex-sum,0.001
Parnaiba,L100000406523,1906,2022,PM,19.2,estimated,value,15.743.303/0001-71,PARNAÍBA GERAÇÃO E COMERCIALIZAÇÃO DE ENERGIA S.A.,SANTO ANTONIO DOS LOPES,complex-sum,0.001
Parnaiba,L100000406523,1906,2023,CO,80.35,measured,value,14.578.002/0001-77,PARNAIBA II GERACAO DE ENERGIA S.A,SANTO ANTONIO DOS LOPES,complex-sum,0.005
Parnaiba,L100000406523,1906,2023,CO,54.0,calculated,value,15.743.303/0001-71,PARNAÍBA GERAÇÃO E COMERCIALIZAÇÃO DE ENERGIA S.A.,SANTO ANTONIO DOS LOPES,complex-sum,0.003
Parnaiba,L100000406523,1906,2023,NOx,263.96,measured,value,14.578.002/0001-77,PARNAIBA II GERACAO DE ENERGIA S.A,SANTO ANTONIO DOS LOPES,complex-sum,0.016
Parnaiba,L100000406523,1906,2023,NOx,120.42,calculated,value,15.743.303/0001-71,PARNAÍBA GERAÇÃO E COMERCIALIZAÇÃO DE ENERGIA S.A.,SANTO ANTONIO DOS LOPES,complex-sum,0.007
Parnaiba,L100000406523,1906,2023,PM,33.29,estimated,value,14.578.002/0001-77,PARNAIBA II GERACAO DE ENERGIA S.A,SANTO ANTONIO DOS LOPES,complex-sum,0.002
Parnaiba,L100000406523,1906,2023,PM,64.82,estimated,value,15.743.303/0001-71,PARNAÍBA GERAÇÃO E COMERCIALIZAÇÃO DE ENERGIA S.A.,SANTO ANTONIO DOS LOPES,complex-sum,0.004
Parnaiba,L100000406523,1906,2023,SOx,23.65,estimated,value,14.578.002/0001-77,PARNAIBA II GERACAO DE ENERGIA S.A,SANTO ANTONIO DOS LOPES,complex-sum,0.001
Parnaiba,L100000406523,1906,2023,SOx,57.82,estimated,value,15.743.303/0001-71,PARNAÍBA GERAÇÃO E COMERCIALIZAÇÃO DE ENERGIA S.A.,SANTO ANTONIO DOS LOPES,complex-sum,0.003
Parnaiba,L100000406523,1906,2024,CO,393.85,measured,value,14.578.002/0001-77,PARNAIBA II GERACAO DE ENERGIA S.A,SANTO ANTONIO DOS LOPES,complex-sum,0.024
Parnaiba,L100000406523,1906,2024,CO,36.91,measured,value,15.743.303/0001-71,PARNAÍBA GERAÇÃO E COMERCIALIZAÇÃO DE ENERGIA S.A.,SANTO ANTONIO DOS LOPES,complex-sum,0.002
Parnaiba,L100000406523,1906,2024,NOx,1172.23,measured,value,14.578.002/0001-77,PARNAIBA II GERACAO DE ENERGIA S.A,SANTO ANTONIO DOS LOPES,complex-sum,0.07
Parnaiba,L100000406523,1906,2024,NOx,56.77,measured,value,15.743.303/0001-71,PARNAÍBA GERAÇÃO E COMERCIALIZAÇÃO DE ENERGIA S.A.,SANTO ANTONIO DOS LOPES,complex-sum,0.003
Parnaiba,L100000406523,1906,2024,PM,157.93,estimated,value,14.578.002/0001-77,PARNAIBA II GERACAO DE ENERGIA S.A,SANTO ANTONIO DOS LOPES,complex-sum,0.009
Parnaiba,L100000406523,1906,2024,PM,19.76,estimated,value,15.743.303/0001-71,PARNAÍBA GERAÇÃO E COMERCIALIZAÇÃO DE ENERGIA S.A.,SANTO ANTONIO DOS LOPES,complex-sum,0.001
Parnaiba,L100000406523,1906,2024,SOx,113.37,estimated,value,14.578.002/0001-77,PARNAIBA II GERACAO DE ENERGIA S.A,SANTO ANTONIO DOS LOPES,complex-sum,0.007
Parnaiba,L100000406523,1906,2024,SOx,24.33,estimated,value,15.743.303/0001-71,PARNAÍBA GERAÇÃO E COMERCIALIZAÇÃO DE ENERGIA S.A.,SANTO ANTONIO DOS LOPES,complex-sum,0.001
Porto de Sergipe,L100000406527,1593,2019,NOx,1024.0,calculated,value,23.758.522/0001-52,CELSE - CENTRAIS ELÉTRICAS DE SERGIPE S.A.,BARRA DOS COQUEIROS,clean,0.073
Porto de Sergipe,L100000406527,1593,2020,CO,669.82,estimated,value,23.758.522/0001-52,CELSE - CENTRAIS ELÉTRICAS DE SERGIPE S.A.,BARRA DOS COQUEIROS,clean,0.048
Porto de Sergipe,L100000406527,1593,2020,NOx,558.18,estimated,value,23.758.522/0001-52,CELSE - CENTRAIS ELÉTRICAS DE SERGIPE S.A.,BARRA DOS COQUEIROS,clean,0.04
Porto de Sergipe,L100000406527,1593,2021,CO,1289.9,estimated,value,23.758.522/0001-52,CELSE - CENTRAIS ELÉTRICAS DE SERGIPE S.A.,BARRA DOS COQUEIROS,clean,0.092
Porto de Sergipe,L100000406527,1593,2021,NOx,3008.06,estimated,value,23.758.522/0001-52,CELSE - CENTRAIS ELÉTRICAS DE SERGIPE S.A.,BARRA DOS COQUEIROS,clean,0.216
Porto de Sergipe,L100000406527,1593,2022,CO,0.0,estimated,reported-zero,23.758.522/0001-52,CELSE - CENTRAIS ELÉTRICAS DE SERGIPE S.A.,BARRA DOS COQUEIROS,clean,0.0
Porto de Sergipe,L100000406527,1593,2022,NOx,166.0,estimated,value,23.758.522/0001-52,CELSE - CENTRAIS ELÉTRICAS DE SERGIPE S.A.,BARRA DOS COQUEIROS,clean,0.012
Porto de Sergipe,L100000406527,1593,2023,CO,0.0,estimated,reported-zero,23.758.522/0001-52,CELSE - CENTRAIS ELÉTRICAS DE SERGIPE S.A.,BARRA DOS COQUEIROS,clean,0.0
Porto de Sergipe,L100000406527,1593,2023,NOx,0.0,estimated,reported-zero,23.758.522/0001-52,CELSE - CENTRAIS ELÉTRICAS DE SERGIPE S.A.,BARRA DOS COQUEIROS,clean,0.0
Termomacae,L100000408547,922,2013,CO,1554.59,calculated,value,02.290.787/0001-07,TERMOMACAÉ LTDA,MACAE,clean,0.192
Termomacae,L100000408547,922,2013,NOx,6062.31,calculated,value,02.290.787/0001-07,TERMOMACAÉ LTDA,MACAE,clean,0.751
Termomacae,L100000408547,922,2013,PM,125.09,calculated,value,02.290.787/0001-07,TERMOMACAÉ LTDA,MACAE,clean,0.015
Termomacae,L100000408547,922,2014,CO,2128.32,calculated,value,02.290.787/0001-07,TERMOMACAÉ LTDA,MACAE,clean,0.264
Termomacae,L100000408547,922,2014,NOx,8305.65,calculated,value,02.290.787/0001-07,TERMOMACAÉ LTDA,MACAE,clean,1.028
Termomacae,L100000408547,922,2014,PM,171.3,calculated,value,02.290.787/0001-07,TERMOMACAÉ LTDA,MACAE,clean,0.021
Termomacae,L100000408547,922,2015,CO,2150.39,calculated,value,02.290.787/0001-07,TERMOMACAÉ LTDA,MACAE,clean,0.266
Termomacae,L100000408547,922,2015,NOx,8391.75,calculated,value,02.290.787/0001-07,TERMOMACAÉ LTDA,MACAE,clean,1.039
Termomacae,L100000408547,922,2015,PM,173.08,calculated,value,02.290.787/0001-07,TERMOMACAÉ LTDA,MACAE,clean,0.021
Termomacae,L100000408547,922,2016,CO,559.68,calculated,value,02.290.787/0001-07,TERMOMACAÉ LTDA,MACAE,clean,0.069
Termomacae,L100000408547,922,2016,NOx,2184.12,calculated,value,02.290.787/0001-07,TERMOMACAÉ LTDA,MACAE,clean,0.27
Termomacae,L100000408547,922,2016,PM,45.05,calculated,value,02.290.787/0001-07,TERMOMACAÉ LTDA,MACAE,clean,0.006
Termomacae,L100000408547,922,2017,CO,1132.5,calculated,value,02.290.787/0001-07,TERMOMACAÉ LTDA,MACAE,clean,0.14
Termomacae,L100000408547,922,2017,NOx,4419.52,calculated,value,02.290.787/0001-07,TERMOMACAÉ LTDA,MACAE,clean,0.547
Termomacae,L100000408547,922,2017,PM,91.15,calculated,value,02.290.787/0001-07,TERMOMACAÉ LTDA,MACAE,clean,0.011
Termomacae,L100000408547,922,2018,CO,121.42,calculated,value,02.290.787/0001-07,TERMOMACAÉ LTDA,MACAE,clean,0.015
Termomacae,L100000408547,922,2018,NOx,525.0,calculated,value,02.290.787/0001-07,TERMOMACAÉ LTDA,MACAE,clean,0.065
Termomacae,L100000408547,922,2018,PM,26.33,calculated,value,02.290.787/0001-07,TERMOMACAÉ LTDA,MACAE,clean,0.003
Termomacae,L100000408547,922,2019,CO,121.42,calculated,value,02.290.787/0001-07,TERMOMACAÉ LTDA,MACAE,clean,0.015
Termomacae,L100000408547,922,2019,NOx,716.2,calculated,value,02.290.787/0001-07,TERMOMACAÉ LTDA,MACAE,clean,0.089
Termomacae,L100000408547,922,2019,PM,26.33,calculated,value,02.290.787/0001-07,TERMOMACAÉ LTDA,MACAE,clean,0.003
Termomacae,L100000408547,922,2020,CO,212.94,calculated,value,02.290.787/0001-07,TERMOMACAÉ LTDA,MACAE,clean,0.026
Termomacae,L100000408547,922,2020,NOx,922.51,calculated,value,02.290.787/0001-07,TERMOMACAÉ LTDA,MACAE,clean,0.114
Termomacae,L100000408547,922,2020,PM,46.84,calculated,value,02.290.787/0001-07,TERMOMACAÉ LTDA,MACAE,clean,0.006
Termomacae,L100000408547,922,2020,SOx,0.02,calculated,value,02.290.787/0001-07,TERMOMACAÉ LTDA,MACAE,clean,0.0
Termomacae,L100000408547,922,2021,CO,698.82,calculated,value,02.290.787/0001-07,TERMOMACAÉ LTDA,MACAE,clean,0.087
Termomacae,L100000408547,922,2021,NOx,3028.2,calculated,value,02.290.787/0001-07,TERMOMACAÉ LTDA,MACAE,clean,0.375
Termomacae,L100000408547,922,2021,PM,153.74,calculated,value,02.290.787/0001-07,TERMOMACAÉ LTDA,MACAE,clean,0.019
Termomacae,L100000408547,922,2021,SOx,0.01,calculated,value,02.290.787/0001-07,TERMOMACAÉ LTDA,MACAE,clean,0.0
Termomacae,L100000408547,922,2022,CO,46.67,calculated,value,02.290.787/0001-07,TERMOMACAÉ LTDA,MACAE,clean,0.006
Termomacae,L100000408547,922,2022,NOx,199.98,calculated,value,02.290.787/0001-07,TERMOMACAÉ LTDA,MACAE,clean,0.025
Termomacae,L100000408547,922,2022,PM,10.15,calculated,value,02.290.787/0001-07,TERMOMACAÉ LTDA,MACAE,clean,0.001
Termomacae,L100000408547,922,2022,SOx,0.01,calculated,value,02.290.787/0001-07,TERMOMACAÉ LTDA,MACAE,clean,0.0
Termomacae,L100000408547,922,2023,CO,24.91,calculated,value,02.290.787/0001-07,TERMOMACAÉ LTDA,MACAE,clean,0.003
Termomacae,L100000408547,922,2023,NOx,107.9,calculated,value,02.290.787/0001-07,TERMOMACAÉ LTDA,MACAE,clean,0.013
Termomacae,L100000408547,922,2023,PM,5.47,calculated,value,02.290.787/0001-07,TERMOMACAÉ LTDA,MACAE,clean,0.001
Termomacae,L100000408547,922,2023,SOx,0.01,calculated,value,02.290.787/0001-07,TERMOMACAÉ LTDA,MACAE,clean,0.0
Termomacae,L100000408547,922,2024,CO,65.57,calculated,value,02.290.787/0001-07,TERMOMACAÉ LTDA,MACAE,clean,0.008
Termomacae,L100000408547,922,2024,NOx,284.16,calculated,value,02.290.787/0001-07,TERMOMACAÉ LTDA,MACAE,clean,0.035
Termomacae,L100000408547,922,2024,PM,14.42,calculated,value,02.290.787/0001-07,TERMOMACAÉ LTDA,MACAE,clean,0.002
Termomacae,L100000408547,922,2024,SOx,0.01,calculated,value,02.290.787/0001-07,TERMOMACAÉ LTDA,MACAE,clean,0.0
Termopernambuco,L100000406543,533,2013,CO,0.0,estimated,reported-zero,03.795.050/0001-09,TERMOPERNAMBUCO S.A.,IPOJUCA,reported-zero,0.0
Termopernambuco,L100000406543,533,2013,NOx,0.0,estimated,reported-zero,03.795.050/0001-09,TERMOPERNAMBUCO S.A.,IPOJUCA,reported-zero,0.0
Termopernambuco,L100000406543,533,2014,CO,0.0,estimated,reported-zero,03.795.050/0001-09,TERMOPERNAMBUCO S.A.,IPOJUCA,reported-zero,0.0
Termopernambuco,L100000406543,533,2014,NOx,0.0,estimated,reported-zero,03.795.050/0001-09,TERMOPERNAMBUCO S.A.,IPOJUCA,reported-zero,0.0
Termopernambuco,L100000406543,533,2015,CO,0.0,estimated,reported-zero,03.795.050/0001-09,TERMOPERNAMBUCO S.A.,IPOJUCA,reported-zero,0.0
Termopernambuco,L100000406543,533,2015,NOx,0.0,estimated,reported-zero,03.795.050/0001-09,TERMOPERNAMBUCO S.A.,IPOJUCA,reported-zero,0.0
Termopernambuco,L100000406543,533,2016,CO,0.0,estimated,reported-zero,03.795.050/0001-09,TERMOPERNAMBUCO S.A.,IPOJUCA,reported-zero,0.0
Termopernambuco,L100000406543,533,2016,CO,0.0,estimated,reported-zero,03.795.050/0002-81,TERMOPERNAMBUCO S.A.,IPOJUCA,reported-zero,0.0
Termopernambuco,L100000406543,533,2016,NOx,0.0,estimated,reported-zero,03.795.050/0001-09,TERMOPERNAMBUCO S.A.,IPOJUCA,reported-zero,0.0
Termopernambuco,L100000406543,533,2016,NOx,0.0,estimated,reported-zero,03.795.050/0002-81,TERMOPERNAMBUCO S.A.,IPOJUCA,reported-zero,0.0
Termopernambuco,L100000406543,533,2017,CO,0.0,estimated,reported-zero,03.795.050/0001-09,TERMOPERNAMBUCO S.A.,IPOJUCA,reported-zero,0.0
Termopernambuco,L100000406543,533,2017,CO,0.0,estimated,reported-zero,03.795.050/0002-81,TERMOPERNAMBUCO S.A.,IPOJUCA,reported-zero,0.0
Termopernambuco,L100000406543,533,2017,NOx,0.0,estimated,reported-zero,03.795.050/0001-09,TERMOPERNAMBUCO S.A.,IPOJUCA,reported-zero,0.0
Termopernambuco,L100000406543,533,2017,NOx,0.0,estimated,reported-zero,03.795.050/0002-81,TERMOPERNAMBUCO S.A.,IPOJUCA,reported-zero,0.0
Termopernambuco,L100000406543,533,2018,CO,0.0,estimated,reported-zero,03.795.050/0002-81,TERMOPERNAMBUCO S.A.,IPOJUCA,reported-zero,0.0
Termopernambuco,L100000406543,533,2018,NOx,0.0,estimated,reported-zero,03.795.050/0002-81,TERMOPERNAMBUCO S.A.,IPOJUCA,reported-zero,0.0
Termopernambuco,L100000406543,533,2019,CO,0.0,estimated,reported-zero,03.795.050/0001-09,TERMOPERNAMBUCO S.A.,IPOJUCA,reported-zero,0.0
Termopernambuco,L100000406543,533,2019,CO,0.0,estimated,reported-zero,03.795.050/0002-81,TERMOPERNAMBUCO S.A.,IPOJUCA,reported-zero,0.0
Termopernambuco,L100000406543,533,2019,NOx,0.0,estimated,reported-zero,03.795.050/0001-09,TERMOPERNAMBUCO S.A.,IPOJUCA,reported-zero,0.0
Termopernambuco,L100000406543,533,2019,NOx,0.0,estimated,reported-zero,03.795.050/0002-81,TERMOPERNAMBUCO S.A.,IPOJUCA,reported-zero,0.0
Termopernambuco,L100000406543,533,2020,CO,0.0,estimated,reported-zero,03.795.050/0001-09,TERMOPERNAMBUCO S.A.,IPOJUCA,reported-zero,0.0
Termopernambuco,L100000406543,533,2020,CO,0.0,estimated,reported-zero,03.795.050/0002-81,TERMOPERNAMBUCO S.A.,IPOJUCA,reported-zero,0.0
Termopernambuco,L100000406543,533,2020,NOx,0.0,estimated,reported-zero,03.795.050/0001-09,TERMOPERNAMBUCO S.A.,IPOJUCA,reported-zero,0.0
Termopernambuco,L100000406543,533,2020,NOx,0.0,estimated,reported-zero,03.795.050/0002-81,TERMOPERNAMBUCO S.A.,IPOJUCA,reported-zero,0.0
Termopernambuco,L100000406543,533,2021,CO,0.0,estimated,reported-zero,03.795.050/0001-09,TERMOPERNAMBUCO S.A.,IPOJUCA,reported-zero,0.0
Termopernambuco,L100000406543,533,2021,CO,0.0,estimated,reported-zero,03.795.050/0002-81,TERMOPERNAMBUCO S.A.,IPOJUCA,reported-zero,0.0
Termopernambuco,L100000406543,533,2021,NOx,0.0,estimated,reported-zero,03.795.050/0001-09,TERMOPERNAMBUCO S.A.,IPOJUCA,reported-zero,0.0
Termopernambuco,L100000406543,533,2021,NOx,0.0,estimated,reported-zero,03.795.050/0002-81,TERMOPERNAMBUCO S.A.,IPOJUCA,reported-zero,0.0
Termopernambuco,L100000406543,533,2022,CO,0.0,estimated,reported-zero,03.795.050/0001-09,TERMOPERNAMBUCO S.A.,IPOJUCA,reported-zero,0.0
Termopernambuco,L100000406543,533,2022,CO,0.0,estimated,reported-zero,03.795.050/0002-81,TERMOPERNAMBUCO S.A.,IPOJUCA,reported-zero,0.0
Termopernambuco,L100000406543,533,2022,NOx,0.0,estimated,reported-zero,03.795.050/0001-09,TERMOPERNAMBUCO S.A.,IPOJUCA,reported-zero,0.0
Termopernambuco,L100000406543,533,2022,NOx,0.0,estimated,reported-zero,03.795.050/0002-81,TERMOPERNAMBUCO S.A.,IPOJUCA,reported-zero,0.0
Termopernambuco,L100000406543,533,2023,CO,0.0,estimated,reported-zero,03.795.050/0001-09,TERMOPERNAMBUCO S.A.,IPOJUCA,reported-zero,0.0
Termopernambuco,L100000406543,533,2023,CO,0.0,estimated,reported-zero,03.795.050/0002-81,TERMOPERNAMBUCO S.A.,IPOJUCA,reported-zero,0.0
Termopernambuco,L100000406543,533,2023,NOx,0.0,estimated,reported-zero,03.795.050/0001-09,TERMOPERNAMBUCO S.A.,IPOJUCA,reported-zero,0.0
Termopernambuco,L100000406543,533,2023,NOx,0.0,estimated,reported-zero,03.795.050/0002-81,TERMOPERNAMBUCO S.A.,IPOJUCA,reported-zero,0.0
Termopernambuco,L100000406543,533,2024,CO,0.0,estimated,reported-zero,03.795.050/0001-09,TERMOPERNAMBUCO S.A.,IPOJUCA,reported-zero,0.0
Termopernambuco,L100000406543,533,2024,CO,0.0,estimated,reported-zero,03.795.050/0002-81,TERMOPERNAMBUCO S.A.,IPOJUCA,reported-zero,0.0
Termopernambuco,L100000406543,533,2024,NOx,0.0,estimated,reported-zero,03.795.050/0001-09,TERMOPERNAMBUCO S.A.,IPOJUCA,reported-zero,0.0
Termopernambuco,L100000406543,533,2024,NOx,0.0,estimated,reported-zero,03.795.050/0002-81,TERMOPERNAMBUCO S.A.,IPOJUCA,reported-zero,0.0
Uruguaiana,L100000406540,640,2013,CO,26.38,measured,value,01.600.202/0001-37,ÂMBAR SUL ENERGIA S.A.,URUGUAIANA,reported-zero,0.005
Uruguaiana,L100000406540,640,2013,NOx,52.76,measured,value,01.600.202/0001-37,ÂMBAR SUL ENERGIA S.A.,URUGUAIANA,reported-zero,0.009
Uruguaiana,L100000406540,640,2013,PM,14.9,measured,value,01.600.202/0001-37,ÂMBAR SUL ENERGIA S.A.,URUGUAIANA,reported-zero,0.003
Uruguaiana,L100000406540,640,2014,CO,0.0,measured,reported-zero,01.600.202/0001-37,ÂMBAR SUL ENERGIA S.A.,URUGUAIANA,reported-zero,0.0
Uruguaiana,L100000406540,640,2014,NOx,1.0,measured,value,01.600.202/0001-37,ÂMBAR SUL ENERGIA S.A.,URUGUAIANA,reported-zero,0.0
Uruguaiana,L100000406540,640,2015,CO,0.01,measured,placeholder,01.600.202/0001-37,ÂMBAR SUL ENERGIA S.A.,URUGUAIANA,reported-zero,0.0
Uruguaiana,L100000406540,640,2015,NOx,0.0,measured,placeholder,01.600.202/0001-37,ÂMBAR SUL ENERGIA S.A.,URUGUAIANA,reported-zero,0.0
Uruguaiana,L100000406540,640,2016,CO,0.0,measured,reported-zero,01.600.202/0001-37,ÂMBAR SUL ENERGIA S.A.,URUGUAIANA,reported-zero,0.0
Uruguaiana,L100000406540,640,2016,NOx,0.0,measured,reported-zero,01.600.202/0001-37,ÂMBAR SUL ENERGIA S.A.,URUGUAIANA,reported-zero,0.0
Uruguaiana,L100000406540,640,2016,PM,0.0,measured,reported-zero,01.600.202/0001-37,ÂMBAR SUL ENERGIA S.A.,URUGUAIANA,reported-zero,0.0
Uruguaiana,L100000406540,640,2017,CO,0.0,measured,reported-zero,01.600.202/0001-37,ÂMBAR SUL ENERGIA S.A.,URUGUAIANA,reported-zero,0.0
Uruguaiana,L100000406540,640,2017,NOx,0.0,measured,reported-zero,01.600.202/0001-37,ÂMBAR SUL ENERGIA S.A.,URUGUAIANA,reported-zero,0.0
Uruguaiana,L100000406540,640,2018,CO,0.0,measured,reported-zero,01.600.202/0001-37,ÂMBAR SUL ENERGIA S.A.,URUGUAIANA,reported-zero,0.0
Uruguaiana,L100000406540,640,2018,NOx,0.0,measured,reported-zero,01.600.202/0001-37,ÂMBAR SUL ENERGIA S.A.,URUGUAIANA,reported-zero,0.0
Uruguaiana,L100000406540,640,2019,CO,0.0,measured,reported-zero,01.600.202/0001-37,ÂMBAR SUL ENERGIA S.A.,URUGUAIANA,reported-zero,0.0
Uruguaiana,L100000406540,640,2019,NOx,0.0,measured,reported-zero,01.600.202/0001-37,ÂMBAR SUL ENERGIA S.A.,URUGUAIANA,reported-zero,0.0
Uruguaiana,L100000406540,640,2020,CO,0.0,measured,reported-zero,01.600.202/0001-37,ÂMBAR SUL ENERGIA S.A.,URUGUAIANA,reported-zero,0.0
Uruguaiana,L100000406540,640,2020,NOx,0.0,measured,reported-zero,01.600.202/0001-37,ÂMBAR SUL ENERGIA S.A.,URUGUAIANA,reported-zero,0.0
Uruguaiana,L100000406540,640,2021,CO,0.0,measured,reported-zero,01.600.202/0001-37,ÂMBAR SUL ENERGIA S.A.,URUGUAIANA,reported-zero,0.0
Uruguaiana,L100000406540,640,2021,NOx,0.0,measured,reported-zero,01.600.202/0001-37,ÂMBAR SUL ENERGIA S.A.,URUGUAIANA,reported-zero,0.0
Uruguaiana,L100000406540,640,2022,CO,0.0,measured,reported-zero,01.600.202/0001-37,ÂMBAR SUL ENERGIA S.A.,URUGUAIANA,reported-zero,0.0
Uruguaiana,L100000406540,640,2022,NOx,0.0,measured,reported-zero,01.600.202/0001-37,ÂMBAR SUL ENERGIA S.A.,URUGUAIANA,reported-zero,0.0
Uruguaiana,L100000406540,640,2023,CO,0.0,measured,reported-zero,01.600.202/0001-37,ÂMBAR SUL ENERGIA S.A.,URUGUAIANA,reported-zero,0.0
Uruguaiana,L100000406540,640,2023,NOx,0.0,measured,reported-zero,01.600.202/0001-37,ÂMBAR SUL ENERGIA S.A.,URUGUAIANA,reported-zero,0.0
Uruguaiana,L100000406540,640,2024,CO,0.0,measured,reported-zero,01.600.202/0001-37,ÂMBAR SUL ENERGIA S.A.,URUGUAIANA,reported-zero,0.0
Uruguaiana,L100000406540,640,2024,NOx,0.0,measured,reported-zero,01.600.202/0001-37,ÂMBAR SUL ENERGIA S.A.,URUGUAIANA,reported-zero,0.0
Uruguaiana,L100000406540,640,2025,CO,0.0,measured,reported-zero,00.350.763/0025-30,J&F S.A,URUGUAIANA,reported-zero,0.0
Uruguaiana,L100000406540,640,2025,CO,0.0,measured,reported-zero,01.600.202/0001-37,ÂMBAR SUL ENERGIA S.A.,URUGUAIANA,reported-zero,0.0
Uruguaiana,L100000406540,640,2025,NOx,0.0,measured,reported-zero,00.350.763/0025-30,J&F S.A,URUGUAIANA,reported-zero,0.0
Uruguaiana,L100000406540,640,2025,NOx,0.0,measured,reported-zero,01.600.202/0001-37,ÂMBAR SUL ENERGIA S.A.,URUGUAIANA,reported-zero,0.0
Uruguaiana,L100000406540,640,2025,PM,0.0,measured,reported-zero,00.350.763/0025-30,J&F S.A,URUGUAIANA,reported-zero,0.0
Uruguaiana,L100000406540,640,2025,PM,0.0,measured,reported-zero,01.600.202/0001-37,ÂMBAR SUL ENERGIA S.A.,URUGUAIANA,reported-zero,0.0
Uruguaiana,L100000406540,640,2025,SOx,0.0,measured,reported-zero,00.350.763/0025-30,J&F S.A,URUGUAIANA,reported-zero,0.0
Uruguaiana,L100000406540,640,2025,SOx,0.0,measured,reported-zero,01.600.202/0001-37,ÂMBAR SUL ENERGIA S.A.,URUGUAIANA,reported-zero,0.0
