processo,cod_empreendimento,empreendimento,empreendedor,cnpj,uf,stage_tr,stage_eia_rima_ras,stage_ap,stage_af_lp,stage_pba_pca,stage_af_li,stage_lo,situacao,licences,n_documents,sharepoint_folder
02001.013115/2022-01,124473,Complexo Termelétrico Jorge Lacerda - UTE Jorge Lacerda IV - Unidade 8,DIAMANTE GERAÇÃO DE ENERGIA LTDA,27.093.977/0002-38,,,,,,,,,,,0,
02001.027218/2026-74,127307,COMPLEXO TERMELÉTRICO SUDESTE,SPE PRESIDENTE KENNEDY S.A.,67.020.877/0001-15,ES,,,,,,,,Em fase inicial de licenciamento,,0,
02001.018604/2022-41,124475,Complexo Termelétrico TermoLinhares,RIO DOCE GERAÇÃO DE ENERGIA S.A.,20.686.471/0001-02,ES,done,done,done,done,,,,,LP 683/2023 07/06/2023,2,UTE_TermoLinhares; UTE Termolinhares
02001.020842/2019-11,123164,Complexo Termoelétrico TermoPecém,POSITIVA ENERGIA DO PECEM LTDA,30.345.499/0001-30,,,,,,,,,Em fase inicial de licenciamento,,0,
02001.031497/2026-71,127351,COMPLEXO UTE PORTO DE SERGIPE,CENTRAIS ELÉTRICAS BARRA DOS COQUEIROS S.A,28.556.062/0001-01,SE,,,,,,,,Em fase inicial de licenciamento,,0,
02001.002093/2015-17,121412,FSRU - UTE Rio Grande,REGAS BRASIL SUL S/A,10.674.965/0001-13,,,,,,,,,Em fase inicial de licenciamento,,1,
02001.106854/2017-71,122059,GERA MARANHÃO - GERADORA DE ENERGIA DO MARANHÃO S.A,GERA MARANHÃO - GERADORA DE ENERGIA DO MARANHÃO S.A,09.110.880/0001-23,,,,,,,,,Em fase inicial de licenciamento,,0,
02001.102580/2017-41,122016,"Instalações Offshore de Gás Natural, Adutora e Emissário Submarino",ENEVA S.A,04.423.567/0001-21,,done,done,done,done,done,done,done,Licença de Instalação retificada,LP 559/2017 19/12/2017; rectification 1201/2018 28/03/2018; LO 1507/2019 06/03/2019; rectification 1507/2019 03/07/2019,22,"02001102580201741 - Instalações Offshore de Gas Natural, Adutora e Emissario Submarino"
02001.022868/2019-02,123172,Parnaíba 5A e 5B -,PARNAÍBA GERAÇÃO E COMERCIALIZAÇÃO DE ENERGIA S.A.,15.743.303/0001-71,,,,,,,,,Em fase inicial de licenciamento,,0,
02012.003046/2018-12,123357,Parnaíba 5A e 5B -,PARNAÍBA GERAÇÃO E COMERCIALIZAÇÃO DE ENERGIA S.A.,15.743.303/0001-71,,,,,,,,,Em fase inicial de licenciamento,,0,
02001.026015/2022-37,124610,PETROBRAS - UTE NOVA PIRATININGA,PETROLEO BRASILEIRO S.A. PETROBRAS,33.000.167/0026-60,,,,,,,,,,,0,
02001.016494/2025-26,126553,PORTO DO PECÉM GERAÇÃO DE ENERGIA S.A,PORTO DO PECEM GERACAO DE ENERGIA LTDA,08.976.495/0001-09,CE,,,,,,,,Em fase inicial de licenciamento,,0,
02001.034128/2025-59,126798,Porto do Pecém Geração de Energia S.A,PORTO DO PECEM GERACAO DE ENERGIA LTDA,08.976.495/0001-09,CE,,,,,,,,Em fase inicial de licenciamento,,0,
02001.039794/2024-01,126177,Porto do Pecém Geração de Energia S.A,PORTO DO PECEM GERACAO DE ENERGIA LTDA,08.976.495/0001-09,CE,,,,,,,,Em fase inicial de licenciamento,,0,
02001.019185/2019-60,123148,Porto Norte Fluminense SA,PORTO NORTE FLUMINENSE SA,12.107.993/0001-84,,,,,,,,,Em fase de elaboração de Termo de Referência,,0,
02001.016252/2023-71,124961,Portocem Geração de Energia SA,PORTOCEM GERACAO DE ENERGIA S.A,27.241.084/0001-01,CE,,,,,,,,Processo finalizado,,0,
02001.015217/2020-91,123460,PROJETO ANANQUE I,EDGE - EMPRESA DE GERACAO DE ENERGIA S.A,36.859.117/0001-72,,,,,,,,,Em fase inicial de licenciamento,,0,
02001.027830/2022-13,124631,"Sistema de geração de energia termoelétrica, utilizando combustível fóssil",[private individual - withheld],,,,,,,,,,Processo Encerrado,,0,
02001.013655/2018-09,122533,TERMELÉTRICA ITACOATIARA S/A,GDE GERAÇÃO DE ENERGIA S/A,29.762.674/0001-05,,,,,,,,,Em fase inicial de licenciamento,,0,
02001.005766/2022-10,124309,TERMOELETRICA SAO PAULO,TERMOELÉTRICA SÃO PAULO GERAÇÃO DE ENERGIA LTDA.,43.966.155/0001-90,,,,,,,,,,,2,UTE_SAO.PAULO
02001.012577/2026-27,127101,UEG Araucária,UEG ARAUCARIA LTDA,02.743.574/0002-66,PR,,,,,,,,Em fase inicial de licenciamento,,0,
02001.014040/2026-00,127129,UEG Araucária 2,UEG ARAUCARIA LTDA,02.743.574/0002-66,PR,,,,,,,,Em fase inicial de licenciamento,,0,
02001.008922/2018-18,122455,Usina Termelétrica Geramar III,GERA MARANHÃO - GERADORA DE ENERGIA DO MARANHÃO S.A,09.110.880/0001-23,MA,done,done,done,done,,,,"Autorização de Captura, Coleta e Transporte de Material Biológico emitida",LP 612/2019 26/07/2019; rectification 612/2019 23/04/2021,3,UTE Geramaranhao III - 02001.008922_2018-18
02001.114293/2017-83,122100,Usina Termelétrica Jesus Soares Pereira,PETROLEO BRASILEIRO S.A. PETROBRAS,33.000.167/0148-38,RN,,,,,,,,Em fase inicial de licenciamento,,2,
02001.001461/2016-91,121719,Usina Termelétrica Jorge Lacerda C (IV),DIAMANTE GERAÇÃO DE ENERGIA LTDA,27.093.977/0002-38,,,,,,,,,Em fase inicial de licenciamento,,0,
02001.009188/2022-91,124399,Usina Termelétrica Norte Catarinense,USINA TERMELÉTRICA NORTE CATARINENSE LTDA.,09.212.980/0001-60,,,,,,,,,,,0,
02001.010391/2019-12,123076,USINA TERMELÉTRICA NORTE FLUMINENSE,USINA TERMELETRICA NORTE FLUMINENSE S.A,03.258.983/0002-30,,,,,,,,,Em fase inicial de licenciamento,,0,
02001.006482/2019-45,123029,USINA TERMELÉTRICA NORTE FLUMINENSE 2,USINA TERMELETRICA NORTE FLUMINENSE S.A,03.258.983/0002-30,RJ,done,done,done,done,,,,Em fase inicial de licenciamento,LP 647/2021 07/01/2021; extension 647/2021 17/08/2022,3,UTE-Norte Fluminense II
02001.001701/2021-14,123726,Usina Termelétrica Porto de Sergipe III,CELSE - CENTRAIS ELÉTRICAS DE SERGIPE S.A.,23.758.522/0001-52,RJ,done,done,done,done,,,,Licença Prévia expirada,LP 658/2021 09/04/2021,1,
02001.001703/2021-11,123727,Usina Termelétrica Porto de Sergipe IV,CELSE - CENTRAIS ELÉTRICAS DE SERGIPE S.A.,23.758.522/0001-52,RJ,done,done,done,done,,,,Licença Prévia expirada,LP 659/2021 09/04/2021; rectification 659/2021 24/06/2021,2,
02001.012671/2021-71,123904,Usina Termoelétrica Barra do Furado,ALUPAR INVESTIMENTO S.A.,08.364.948/0001-38,RJ,done,done,done,done,,,,,LP 686/2023 09/10/2023,2,02001.012671_2021-71__ Usina Termoelétrica -BARRA DO FURADO__ ALUPAR
02001.026561/2021-97,124135,Usina Termoelétrica Mauá 3,CENTRAIS ELETRICAS DO NORTE DO BRASIL S/A ELETRONORTE,00.357.038/0001-16,,,,,,,,,,,0,
02001.027653/2019-70,123227,"Usinas Termelétricas (UTEs) Litos 1, Litos 2, Litos 3 e Litos 4",LITOS ENERGIA LTDA.,33.565.811/0001-99,,done,done,done,done,,,,Licença Prévia Emitida,LP 653/2021 28/01/2021; LP 650/2021 28/01/2021; LP 652/2021 28/01/2021; LP 651/2021 28/01/2021; LP 732/2026 26/02/2026; rectification 732/2026 26/02/2026; LP 730/2026 26/02/2026; LP 731/2026 26/02/2026; LP 729/2026 26/02/2026,11,UTE s    LITOS
02001.010255/2025-62,126415,UTE ANNA DANZL,[private individual - withheld],,MG,,,,,,,,Em fase inicial de licenciamento,,0,
02001.011143/2022-86,124417,UTE Azulão,AZULÃO GERAÇÃO DE ENERGIA S.A,30.185.130/0001-07,,,,,,,,,,,0,
02001.120376/2017-10,122144,UTE Baixada Fluminense,PETROLEO BRASILEIRO SA PETROBRAS,33.000.167/0238-29,,,,,,,,,Em fase inicial de licenciamento,,0,
02001.130269/2017-91,122203,UTE Belém do Solimões,BRASIL BIO FUELS S.A.,09.478.309/0001-66,PA,done,done,done,done,done,done,done,Em fase inicial de licenciamento,LI 1380/2020 23/12/2020; LP 646/2020 23/12/2020; LO 1645/2022 06/06/2022,3,
02001.017388/2019-11,123134,UTE BETANIA,AGGREKO ENERGIA LOCAÇÃO DE GERADORES LTDA,02.283.886/0001-53,,,,,,,,,Em fase inicial de licenciamento,,0,
02001.008868/2026-11,127060,UTE BETÂNIA,AGGREKO ENERGIA LOCAÇÃO DE GERADORES LTDA,02.283.886/0001-53,AM,,,,,,,,Em fase inicial de licenciamento,,0,
02001.030314/2022-76,124678,UTE Brasil Central,ELETRICIDADE DO BRASIL S.A. - EBRASIL,10.538.273/0001-48,GO,,,,,,,,,,1,02001.030314_2022_76.UTE.BRASIL.CENTRAL
02001.006883/2023-81,124866,UTE BRASÍLIA,[private individual - withheld],,DF,,,,,,,,Em fase inicial de licenciamento,,1,UTE Brasília
02001.002567/97-88,43939,UTE Candiota II e III,J&F S.A.,00.350.763/0024-59,RS,done,done,done,done,done,done,done,Licença de Operação renovada,LP 32/1998 25/06/1998; LO 57/1999 22/11/1999; extension 32/1998 03/10/2000; extension 32/1998 01/10/2002; LI 396/2006 25/09/2006; LO 991/2010 29/12/2010; renewal 991/2010 05/04/2016,91,UTE Candiota; CANDIOTA III
02001.030315/2022-11,124677,UTE Centro Oeste,ELETRICIDADE DO BRASIL S.A. - EBRASIL,10.538.273/0001-48,SC,,,,,,,,,,1,02001.030315_2022_11UTE.CENTRO.OESTE
02001.022902/2020-74,123535,UTE CUCUÍ,OLIVEIRA ENERGIA S.A,04.210.423/0001-97,,,,,,,,,Em fase inicial de licenciamento,,0,
02001.024806/2019-27,123191,UTE Cuiabá,ÂMBAR ENERGIA LTDA,01.645.009/0002-01,,,,,,,,,Em fase inicial de licenciamento,,0,
02001.018304/2018-86,122641,UTE Enel Geração Fortaleza - 326MW - Gás Natural,ENEVA S.A,04.423.567/0016-08,,,,,,,,,Em fase inicial de licenciamento,,0,
02001.126449/2017-79,122179,UTE Feijoal,BRASIL BIO FUELS S.A.,09.478.309/0001-66,AM,done,done,done,done,done,done,done,Em fase inicial de licenciamento,LI 1371/2020 17/12/2020; LP 643/2020 17/12/2020; LO 1646/2022 06/06/2022,3,
02001.010932/2019-02,123081,UTE Fronteira,CAMAÇARI RJ PARTICIPAÇÕES S/A,22.625.836/0001-14,,,,,,,,,Em fase inicial de licenciamento,,0,
02001.006920/2015-41,121518,UTE GASEN ITAQUI I - 1500 MW - GÁS NATURAL,GASEN ENERGIA S.A.,21.389.369/0001-08,,,,,,,,,Em fase inicial de licenciamento,,1,
02001.006783/2015-45,121508,UTE GASEN SUAPE - 1500 MW - GÁS NATURAL,GASEN ENERGIA S.A.,21.389.369/0001-08,,,,,,,,,Em fase inicial de licenciamento,,1,
02001.027419/2021-67,124147,UTE GASLUB,PETROLEO BRASILEIRO S/A - PETROBRAS,33.000.167/0001-01,,,,,,,,,,,0,
02001.001264/2016-71,121690,UTE GPSA BARCARENA,GENPOWER PARTICIPAÇÕES S.A,13.204.164/0001-82,PA,,,,,,,,Em fase inicial de licenciamento,,1,
02001.000594/2017-21,121915,UTE Guajará,GUAJARA CONSULTORIA EM ENERGIA E PARTICIPACOES EIRELI - EPP,26.316.663/0001-03,,,,,,,,,Processo Encerrado,,0,
02001.131320/2017-82,122275,UTE HENRY BORDEN - 420 MW - GÁS,EMPRESA METROPOLITANA DE ÁGUAS E ENERGIA S.A.,02.302.101/0001-42,,,,,,,,,Em fase inicial de licenciamento,,0,
02001.022800/2020-59,123537,UTE IAUARETÊ,OLIVEIRA ENERGIA S.A,04.210.423/0001-97,,,,,,,,,Em fase inicial de licenciamento,,0,
02001.118555/2017-89,122129,UTE Imetame Energia I,IMETAME ENERGIA LTDA.,00.271.847/0001-00,ES,done,done,done,done,,,,Em fase inicial de licenciamento,LP 618/2019 30/09/2019; rectification 618/2019 21/10/2019,4,Usina Termo Eletrica - UTE IMETAME I - 02001.118555_2017-89; UTE-  Imetame.I
02001.016642/2018-83,122617,UTE Jaci e UTE Tupã,GLOBAL PARTICIPAÇÕES EM ENERGIA S/A,07.701.564/0001-09,,done,done,done,done,,,,Em fase inicial de licenciamento,LP 613/2019 29/07/2019; LP 614/2019 29/07/2019; LP 737/2026 13/07/2026; LP 738/2026 13/07/2026,5,UTE Jaci e UTE Tupã
02001.007729/2024-16,125586,UTE Jandaia,JANDAIA GERAÇÃO DE ENERGIA SA,48.876.942/0001-64,CE,,,,,,,,Em fase inicial de licenciamento,,0,
02001.015872/2018-25,122593,UTE Léros NE I - 2100 MW - Gás Natural,GASTRADING COMERCIALIZADORA DE ENERGIAS S.A,13.984.139/0001-69,,,,,,,,,Em fase inicial de licenciamento,,0,
02001.003913/2016-79,121792,UTE Lins,OMEGA ENGENHARIA LTDA,09.578.977/0001-65,,,,,,,,,Em fase inicial de licenciamento,,1,
02001.024197/2021-21,124101,Ute Litoral Sul,MARACAJÁ MINERAÇÃO S.A.,12.148.794/0001-14,,,,,,,,,,,0,
02001.003133/2000-61,554,UTE LUIZ CARLOS PRESTES,PETROLEO BRASILEIRO S.A.,33.000.167/0117-31,MS,done,done,done,done,done,done,done,Licença de Operação renovada,LP 97/2001 05/06/2001; LI 140/2001 12/09/2001; extension 140/2001 04/02/2002; extension 140/2001 26/02/2003; LO 365/2004 06/01/2004; extension 140/2001 03/02/2006; LI 571/2008 18/12/2008; LO 1062/2011 27/12/2011; renewal 1062/2011 23/12/2016,39,UTE Luis Carlos Prestes (ex-Tres Lagoas)
02001.026078/2022-93,124607,UTE Marlim Azul II,MARLIM AZUL ENERGIA S.A.,29.884.534/0001-00,RJ,done,done,done,done,,,,Em fase inicial de licenciamento,LP 695/2024 17/07/2024,2,UTE.Marlim.Azul II
02001.005873/2021-67,123791,UTE Monte Fuji,ELETRICIDADE DO BRASIL S.A. - EBRASIL,10.538.273/0001-48,,,,,,,,,,,0,
02001.102629/2017-65,122044,UTE Nossa Senhora de Fátima-1137 MW-Gás Natural,USINA TERMOELETRICA NOSSA SENHORA DE FATIMA LTDA,24.488.267/0001-38,RJ,done,done,done,done,,,,"Autorização de Captura, Coleta e Transporte de Material Biológico expirada",LP 589/2018 03/12/2018; rectification 589/2018 24/07/2019,5,UTE-Nossa Senhora de Fátima; UTE Nossa Senhora de Fátima-1137 MW-Gas Natural
02001.102367/2017-39,122000,UTE NOVA PIRATININGA 1 E 2 - 2400 MW - GÁS NATURAL,EMPRESA METROPOLITANA DE ÁGUAS E ENERGIA S.A.,02.302.101/0001-42,,,,,,,,,Em fase inicial de licenciamento,,0,
02001.007900/2019-11,123043,UTE Nova Seival,ENERGIAS DA CAMPANHA LTDA,26.867.232/0001-35,,,,,,,,,Processo com pendências técnicas,,2,UTE NOVA_SEIVAL-727 MW; UTE-Nova SEIVAL___Candiota_Hulha_Negra_RS
02001.001018/2024-20,125474,UTE Novo Tempo Barcarena,CELBA - CENTRAIS ELÉTRICAS BARCARENA SA,22.634.191/0001-86,PA,,,,,,,,Em fase inicial de licenciamento,,0,
02001.011811/2025-18,126450,UTE Ouro Negro,ARVUT MEIO AMBIENTE LTDA. - ME,27.805.836/0001-10,RS,,,,,,,,Processo Encerrado,,0,
02001.014096/2025-75,126492,UTE Ouro Negro,UTE OURO NEGRO SPE S.A.,23.249.452/0001-07,RS,,,,,,,,Em fase inicial de licenciamento,,0,
02001.005992/2014-91,121336,UTE OURO NEGRO - 600MW - CARVÃO MINERAL,UTE OURO NEGRO SPE S.A.,23.249.452/0001-07,RS,done,done,done,done,,,,Processo Encerrado,LP 530/2016 04/08/2016,12,UTE Ouro Negro
02001.007910/2006-32,20879,UTE Pampa Sul,USINA TERMELÉTRICA PAMPA SUL,04.739.720/0001-24,RS,done,done,done,done,done,done,done,Licença de Operação emitida,LP 497/2014 06/11/2014; LI 1061/2015 18/06/2015; rectification 1061/2015 07/07/2015; rectification 497/2014 07/07/2015; LI 1122/2016 15/07/2016; LI 1133/2016 27/09/2016; rectification 1061/2015 05/04/2017; LO 1454/2018 01/08/2018; LO 1463/2018 09/10/2018; LO 1520/2019 13/06/2019; LP 627/2020 04/02/2020; rectification 1520/2019 07/05/2026,81,UTE Pampa Sul
02001.027061/2023-34,125066,UTE PARÁ 1,GDE GERAÇÃO DE ENERGIA S/A,29.762.674/0001-05,,,,,,,,,,,0,
02001.004168/2016-85,121800,UTE Parnaíba I,PARNAIBA I GERAÇÃO DE ENERGIA S.A,11.744.699/0001-10,,,,,,,,,Em fase inicial de licenciamento,,1,
02001.123057/2017-58,122155,UTE Parnaíba II,PARNAIBA II GERACAO DE ENERGIA S.A,14.578.002/0001-77,,,,,,,,,Em fase inicial de licenciamento,,1,
02001.033938/2019-40,123296,"UTE Parnaíba III - 178,2MW - Gás Natural",PARNAIBA II GERACAO DE ENERGIA S.A,14.578.002/0001-77,,,,,,,,,Em fase inicial de licenciamento,,0,
02001.015765/2021-01,123982,UTE Parnaíba VII,PARNAIBA II GERACAO DE ENERGIA S.A,14.578.002/0001-77,,,,,,,,,,,0,
02001.006683/2015-19,121506,UTE PECÉM II GERAÇÃO DE ENERGIA S.A. - 365 MW - CARVÃO MINERAL,PECEM II GERAÇÃO DE ENERGIA S.A.,10.471.487/0002-25,CE,,,,,,,,Em fase inicial de licenciamento,,1,
02001.002362/2008-16,33879,UTE Porto de Itaqui,[private individual - withheld],,MA,done,done,done,done,done,done,done,Licença de Operação renovada,LP 293/2008 03/11/2008; LI 584/2009 29/01/2009; LI 601/2009 18/03/2009; LI 672/2009 23/12/2009; LO 1061/2011 16/12/2011; LO 1101/2012 26/10/2012; rectification 1101/2012 01/10/2015; renewal 1101/2012 11/10/2024,42,UTE Porto de Itaqui
02001.022688/2020-56,125832,UTE Porto de Sergipe I,CELSE - CENTRAIS ELÉTRICAS DE SERGIPE S.A.,23.758.522/0001-52,SE,,,,,,,,Em fase inicial de licenciamento,,0,
02001.006682/2015-74,121505,UTE PORTO DO PECÉM GERAÇÃO DE ENERGIA S.A. - 720 MW - CARVÃO MINERAL,PORTO DO PECEM GERACAO DE ENERGIA LTDA,08.976.495/0001-09,CE,,,,,,,,Em fase inicial de licenciamento,,1,
02001.006806/2025-93,126360,UTE Porto do Pecém II,PECÉM II GERAÇÃO DE ENERGIA S.A.,10.471.487/0001-44,CE,,,,,,,,Em fase inicial de licenciamento,,0,
02001.102568/2017-36,122013,UTE Portocem,PORTOCEM GERACAO DE ENERGIA S.A,27.241.084/0001-01,,,,,,,,,Em fase inicial de licenciamento,,0,
02001.003246/2021-91,123751,UTE Queluzito,CEMIG GERAÇÃO E TRANSMISSAO S.A,06.981.176/0001-58,MG,,,,,,,,,,1,UTE _QUELUZITO
02001.024627/2018-17,122806,UTE Ressurreição,CH4 ENERGIA LTDA,29.199.933/0001-31,,,,,,,,,Em acompanhamento de delegação ao OEMA ou OMMA,,0,
02001.033334/2022-07,124727,UTE RIO MATAPI,[private individual - withheld],,,,,,,,,,,,0,
02001.020336/2018-41,122677,UTE SANTA CRUZ ROLUGI,ROLUGI GERAÇÃO DE ENERGIA ELETRICA LTDA,07.517.325/0001-95,RJ,,,,,,,,Em acompanhamento de delegação ao OEMA ou OMMA,,0,
02001.018300/2018-06,122639,UTE SÃO MARCOS I E II,CENTRAIS TERMELÉTRICAS SÃO MARCOS S.A.,31.124.471/0001-35,MA,,,,,,,,Em fase inicial de licenciamento,,2,
02001.008631/2026-30,127081,UTE SUAPE II,ENERGETICA SUAPE II S.A.,09.373.678/0003-56,PE,,,,,,,,Em fase inicial de licenciamento,,0,
02001.002711/2016-18,121751,UTE SUAPE II,ENERGETICA SUAPE II S.A.,09.373.678/0003-56,,,,,,,,,Delegado,,1,
02001.040413/2025-17,126920,UTE SUAPE 5,GENPOWER PARTICIPAÇÕES S.A,13.204.164/0001-82,PE,,,,,,,,Em fase inicial de licenciamento,,0,UTE Suape 5
02001.003049/2018-77,122314,UTE SUDESTE,USINA TERMELETRICA SUDESTE LTDA,18.011.571/0001-97,,,,,,,,,Em fase inicial de licenciamento,,2,USINA_TERMELETRICA_SUDESTE_LTDA
02001.112345/2017-87,122094,UTE TERESA DAY,WARTSILA BRASIL LTDA.,36.176.600/0001-52,,,,,,,,,Em fase inicial de licenciamento,,0,
02001.013418/2022-16,124486,UTE TERESINA,ESTRUTURA PARTNERS INVESTIMENTOS LTDA,10.272.580/0001-20,,,,,,,,,,,0,
02001.033397/2022-55,124725,UTE TMG BARCARENA,TERMOGÁS,02.723.396/0001-20,,,,,,,,,,,0,
02023.001332/97-93,555,UTE Uruguaiana,ÂMBAR SUL ENERGIA S.A.,01.600.202/0001-37,RS,done,done,done,done,done,done,done,Licença de Operação expirada,LP 31/1998 09/06/1998; LI 40/1998 29/09/1998; LO 73/1999 22/12/1999; LO 117/2000 20/10/2000; renewal 117/2000 02/10/2012,16,UTE AES Uruguaiana
02001.115753/2017-91,122117,UTE Vila do Conde,HIDROVIAS DO BRASIL - VILA DO CONDE S.A,13.574.672/0001-52,,done,done,done,done,,,,Em fase inicial de licenciamento,LP 611/2019 26/07/2019; rectification 611/2019 04/09/2019,9,
02001.032232/2025-17,126770,UTEs Nossa Senhora de Fátima 1 e 2,USINA TERMOELETRICA NOSSA SENHORA DE FATIMA LTDA,24.488.267/0001-38,RJ,,,,,,,,Em fase inicial de licenciamento,,0,
