plant,gem_location_id,doc,unit,date,pollutant,value,uom,row_type,basis,flow_m3h,temp_c,kg_h,page,note
Nhon Trach 2,L100000405443,nhontrach2_gpmt_2024.pdf,KT1 (GT11),2022-03-30,dust,28.5,mg/Nm3,test,measured,1021560,97 (design),21.5,"PDF pp. 150-151, Bảng 5.9","quarterly test, on gas"
Nhon Trach 2,L100000405443,nhontrach2_gpmt_2024.pdf,KT1 (GT11),2022-03-30,SO2,<2.62,mg/Nm3,test,measured,1021560,97 (design),,"PDF pp. 150-151, Bảng 5.9","quarterly test, on gas"
Nhon Trach 2,L100000405443,nhontrach2_gpmt_2024.pdf,KT1 (GT11),2022-03-30,NOx,35,mg/Nm3,test,measured,1021560,97 (design),26.4,"PDF pp. 150-151, Bảng 5.9","quarterly test, on gas"
Nhon Trach 2,L100000405443,nhontrach2_gpmt_2024.pdf,KT1 (GT11),2022-03-30,CO,22,mg/Nm3,test,measured,1021560,97 (design),16.6,"PDF pp. 150-151, Bảng 5.9","quarterly test, on gas"
Nhon Trach 2,L100000405443,nhontrach2_gpmt_2024.pdf,KT1 (GT11),2022-03-30,CO2,2.92,% vol,test,measured,1021560,,,"PDF pp. 150-151, Bảng 5.9",
Nhon Trach 2,L100000405443,nhontrach2_gpmt_2024.pdf,KT2 (GT12),2022-03-30,dust,27.9,mg/Nm3,test,measured,1231055,97 (design),25.3,"PDF pp. 150-151, Bảng 5.9","quarterly test, on gas"
Nhon Trach 2,L100000405443,nhontrach2_gpmt_2024.pdf,KT2 (GT12),2022-03-30,SO2,<2.62,mg/Nm3,test,measured,1231055,97 (design),,"PDF pp. 150-151, Bảng 5.9","quarterly test, on gas"
Nhon Trach 2,L100000405443,nhontrach2_gpmt_2024.pdf,KT2 (GT12),2022-03-30,NOx,29,mg/Nm3,test,measured,1231055,97 (design),26.3,"PDF pp. 150-151, Bảng 5.9","quarterly test, on gas"
Nhon Trach 2,L100000405443,nhontrach2_gpmt_2024.pdf,KT2 (GT12),2022-03-30,CO,18,mg/Nm3,test,measured,1231055,97 (design),16.3,"PDF pp. 150-151, Bảng 5.9","quarterly test, on gas"
Nhon Trach 2,L100000405443,nhontrach2_gpmt_2024.pdf,KT2 (GT12),2022-03-30,CO2,2.9,% vol,test,measured,1231055,,,"PDF pp. 150-151, Bảng 5.9",
Nhon Trach 2,L100000405443,nhontrach2_gpmt_2024.pdf,KT1 (GT11),2022-06-16,dust,25.8,mg/Nm3,test,measured,1092117,97 (design),20.8,"PDF pp. 150-151, Bảng 5.9","quarterly test, on gas"
Nhon Trach 2,L100000405443,nhontrach2_gpmt_2024.pdf,KT1 (GT11),2022-06-16,SO2,<2.62,mg/Nm3,test,measured,1092117,97 (design),,"PDF pp. 150-151, Bảng 5.9","quarterly test, on gas"
Nhon Trach 2,L100000405443,nhontrach2_gpmt_2024.pdf,KT1 (GT11),2022-06-16,NOx,35,mg/Nm3,test,measured,1092117,97 (design),28.2,"PDF pp. 150-151, Bảng 5.9","quarterly test, on gas"
Nhon Trach 2,L100000405443,nhontrach2_gpmt_2024.pdf,KT1 (GT11),2022-06-16,CO,15,mg/Nm3,test,measured,1092117,97 (design),12.1,"PDF pp. 150-151, Bảng 5.9","quarterly test, on gas"
Nhon Trach 2,L100000405443,nhontrach2_gpmt_2024.pdf,KT1 (GT11),2022-06-16,CO2,2.64,% vol,test,measured,1092117,,,"PDF pp. 150-151, Bảng 5.9",
Nhon Trach 2,L100000405443,nhontrach2_gpmt_2024.pdf,KT2 (GT12),2022-06-16,dust,30.6,mg/Nm3,test,measured,1325110,97 (design),29.9,"PDF pp. 150-151, Bảng 5.9","quarterly test, on gas"
Nhon Trach 2,L100000405443,nhontrach2_gpmt_2024.pdf,KT2 (GT12),2022-06-16,SO2,<2.62,mg/Nm3,test,measured,1325110,97 (design),,"PDF pp. 150-151, Bảng 5.9","quarterly test, on gas"
Nhon Trach 2,L100000405443,nhontrach2_gpmt_2024.pdf,KT2 (GT12),2022-06-16,NOx,37,mg/Nm3,test,measured,1325110,97 (design),36.2,"PDF pp. 150-151, Bảng 5.9","quarterly test, on gas"
Nhon Trach 2,L100000405443,nhontrach2_gpmt_2024.pdf,KT2 (GT12),2022-06-16,CO,19,mg/Nm3,test,measured,1325110,97 (design),18.6,"PDF pp. 150-151, Bảng 5.9","quarterly test, on gas"
Nhon Trach 2,L100000405443,nhontrach2_gpmt_2024.pdf,KT2 (GT12),2022-06-16,CO2,2.48,% vol,test,measured,1325110,,,"PDF pp. 150-151, Bảng 5.9",
Nhon Trach 2,L100000405443,nhontrach2_gpmt_2024.pdf,KT1 (GT11),2022-09-21,dust,27.3,mg/Nm3,test,measured,1109224,97 (design),22.3,"PDF pp. 150-151, Bảng 5.9","quarterly test, on gas"
Nhon Trach 2,L100000405443,nhontrach2_gpmt_2024.pdf,KT1 (GT11),2022-09-21,SO2,<2.62,mg/Nm3,test,measured,1109224,97 (design),,"PDF pp. 150-151, Bảng 5.9","quarterly test, on gas"
Nhon Trach 2,L100000405443,nhontrach2_gpmt_2024.pdf,KT1 (GT11),2022-09-21,NOx,41.6,mg/Nm3,test,measured,1109224,97 (design),34.0,"PDF pp. 150-151, Bảng 5.9","quarterly test, on gas"
Nhon Trach 2,L100000405443,nhontrach2_gpmt_2024.pdf,KT1 (GT11),2022-09-21,CO,24,mg/Nm3,test,measured,1109224,97 (design),19.6,"PDF pp. 150-151, Bảng 5.9","quarterly test, on gas"
Nhon Trach 2,L100000405443,nhontrach2_gpmt_2024.pdf,KT1 (GT11),2022-09-21,CO2,2.7,% vol,test,measured,1109224,,,"PDF pp. 150-151, Bảng 5.9",
Nhon Trach 2,L100000405443,nhontrach2_gpmt_2024.pdf,KT2 (GT12),2022-09-21,dust,29.5,mg/Nm3,test,measured,1319006,97 (design),28.7,"PDF pp. 150-151, Bảng 5.9","quarterly test, on gas"
Nhon Trach 2,L100000405443,nhontrach2_gpmt_2024.pdf,KT2 (GT12),2022-09-21,SO2,<2.62,mg/Nm3,test,measured,1319006,97 (design),,"PDF pp. 150-151, Bảng 5.9","quarterly test, on gas"
Nhon Trach 2,L100000405443,nhontrach2_gpmt_2024.pdf,KT2 (GT12),2022-09-21,NOx,41.5,mg/Nm3,test,measured,1319006,97 (design),40.4,"PDF pp. 150-151, Bảng 5.9","quarterly test, on gas"
Nhon Trach 2,L100000405443,nhontrach2_gpmt_2024.pdf,KT2 (GT12),2022-09-21,CO,20.5,mg/Nm3,test,measured,1319006,97 (design),20.0,"PDF pp. 150-151, Bảng 5.9","quarterly test, on gas"
Nhon Trach 2,L100000405443,nhontrach2_gpmt_2024.pdf,KT2 (GT12),2022-09-21,CO2,2.81,% vol,test,measured,1319006,,,"PDF pp. 150-151, Bảng 5.9",
Nhon Trach 2,L100000405443,nhontrach2_gpmt_2024.pdf,KT1 (GT11),2022-12-05,dust,23.1,mg/Nm3,test,measured,1016913,97 (design),17.3,"PDF pp. 150-151, Bảng 5.9","quarterly test, on gas"
Nhon Trach 2,L100000405443,nhontrach2_gpmt_2024.pdf,KT1 (GT11),2022-12-05,SO2,<2.62,mg/Nm3,test,measured,1016913,97 (design),,"PDF pp. 150-151, Bảng 5.9","quarterly test, on gas"
Nhon Trach 2,L100000405443,nhontrach2_gpmt_2024.pdf,KT1 (GT11),2022-12-05,NOx,23.7,mg/Nm3,test,measured,1016913,97 (design),17.8,"PDF pp. 150-151, Bảng 5.9","quarterly test, on gas"
Nhon Trach 2,L100000405443,nhontrach2_gpmt_2024.pdf,KT1 (GT11),2022-12-05,CO,30.8,mg/Nm3,test,measured,1016913,97 (design),23.1,"PDF pp. 150-151, Bảng 5.9","quarterly test, on gas"
Nhon Trach 2,L100000405443,nhontrach2_gpmt_2024.pdf,KT1 (GT11),2022-12-05,CO2,2.74,% vol,test,measured,1016913,,,"PDF pp. 150-151, Bảng 5.9",
Nhon Trach 2,L100000405443,nhontrach2_gpmt_2024.pdf,KT2 (GT12),2022-12-05,dust,27.5,mg/Nm3,test,measured,1820724,97 (design),36.9,"PDF pp. 150-151, Bảng 5.9","quarterly test, on gas"
Nhon Trach 2,L100000405443,nhontrach2_gpmt_2024.pdf,KT2 (GT12),2022-12-05,SO2,<2.62,mg/Nm3,test,measured,1820724,97 (design),,"PDF pp. 150-151, Bảng 5.9","quarterly test, on gas"
Nhon Trach 2,L100000405443,nhontrach2_gpmt_2024.pdf,KT2 (GT12),2022-12-05,NOx,42.1,mg/Nm3,test,measured,1820724,97 (design),56.6,"PDF pp. 150-151, Bảng 5.9","quarterly test, on gas"
Nhon Trach 2,L100000405443,nhontrach2_gpmt_2024.pdf,KT2 (GT12),2022-12-05,CO,163,mg/Nm3,test,measured,1820724,97 (design),219.0,"PDF pp. 150-151, Bảng 5.9","quarterly test, on gas"
Nhon Trach 2,L100000405443,nhontrach2_gpmt_2024.pdf,KT2 (GT12),2022-12-05,CO2,2.86,% vol,test,measured,1820724,,,"PDF pp. 150-151, Bảng 5.9",
Nhon Trach 2,L100000405443,nhontrach2_gpmt_2024.pdf,KT1 (GT11),2023-03-27,dust,28.2,mg/Nm3,test,measured,1413000,97 (design),29.4,"PDF pp. 150-151, Bảng 5.9","quarterly test, on gas"
Nhon Trach 2,L100000405443,nhontrach2_gpmt_2024.pdf,KT1 (GT11),2023-03-27,SO2,<2.62,mg/Nm3,test,measured,1413000,97 (design),,"PDF pp. 150-151, Bảng 5.9","quarterly test, on gas"
Nhon Trach 2,L100000405443,nhontrach2_gpmt_2024.pdf,KT1 (GT11),2023-03-27,NOx,47.9,mg/Nm3,test,measured,1413000,97 (design),49.9,"PDF pp. 150-151, Bảng 5.9","quarterly test, on gas"
Nhon Trach 2,L100000405443,nhontrach2_gpmt_2024.pdf,KT1 (GT11),2023-03-27,CO,14.8,mg/Nm3,test,measured,1413000,97 (design),15.4,"PDF pp. 150-151, Bảng 5.9","quarterly test, on gas"
Nhon Trach 2,L100000405443,nhontrach2_gpmt_2024.pdf,KT1 (GT11),2023-03-27,CO2,2.67,% vol,test,measured,1413000,,,"PDF pp. 150-151, Bảng 5.9",
Nhon Trach 2,L100000405443,nhontrach2_gpmt_2024.pdf,KT2 (GT12),2023-03-27,dust,31.5,mg/Nm3,test,measured,1457550,97 (design),33.9,"PDF pp. 150-151, Bảng 5.9","quarterly test, on gas"
Nhon Trach 2,L100000405443,nhontrach2_gpmt_2024.pdf,KT2 (GT12),2023-03-27,SO2,<2.62,mg/Nm3,test,measured,1457550,97 (design),,"PDF pp. 150-151, Bảng 5.9","quarterly test, on gas"
Nhon Trach 2,L100000405443,nhontrach2_gpmt_2024.pdf,KT2 (GT12),2023-03-27,NOx,54.5,mg/Nm3,test,measured,1457550,97 (design),58.6,"PDF pp. 150-151, Bảng 5.9","quarterly test, on gas"
Nhon Trach 2,L100000405443,nhontrach2_gpmt_2024.pdf,KT2 (GT12),2023-03-27,CO,76.4,mg/Nm3,test,measured,1457550,97 (design),82.2,"PDF pp. 150-151, Bảng 5.9","quarterly test, on gas"
Nhon Trach 2,L100000405443,nhontrach2_gpmt_2024.pdf,KT2 (GT12),2023-03-27,CO2,2.71,% vol,test,measured,1457550,,,"PDF pp. 150-151, Bảng 5.9",
Nhon Trach 2,L100000405443,nhontrach2_gpmt_2024.pdf,KT1 (GT11),2023-06-12,dust,22.6,mg/Nm3,test,measured,1629278,97 (design),27.2,"PDF pp. 150-151, Bảng 5.9","quarterly test, on gas"
Nhon Trach 2,L100000405443,nhontrach2_gpmt_2024.pdf,KT1 (GT11),2023-06-12,SO2,<2.62,mg/Nm3,test,measured,1629278,97 (design),,"PDF pp. 150-151, Bảng 5.9","quarterly test, on gas"
Nhon Trach 2,L100000405443,nhontrach2_gpmt_2024.pdf,KT1 (GT11),2023-06-12,NOx,53.6,mg/Nm3,test,measured,1629278,97 (design),64.4,"PDF pp. 150-151, Bảng 5.9","quarterly test, on gas"
Nhon Trach 2,L100000405443,nhontrach2_gpmt_2024.pdf,KT1 (GT11),2023-06-12,CO,105,mg/Nm3,test,measured,1629278,97 (design),126.2,"PDF pp. 150-151, Bảng 5.9","quarterly test, on gas"
Nhon Trach 2,L100000405443,nhontrach2_gpmt_2024.pdf,KT1 (GT11),2023-06-12,CO2,3.57,% vol,test,measured,1629278,,,"PDF pp. 150-151, Bảng 5.9",
Nhon Trach 2,L100000405443,nhontrach2_gpmt_2024.pdf,KT2 (GT12),2023-06-12,dust,27.5,mg/Nm3,test,measured,1788604,97 (design),36.3,"PDF pp. 150-151, Bảng 5.9","quarterly test, on gas"
Nhon Trach 2,L100000405443,nhontrach2_gpmt_2024.pdf,KT2 (GT12),2023-06-12,SO2,<2.62,mg/Nm3,test,measured,1788604,97 (design),,"PDF pp. 150-151, Bảng 5.9","quarterly test, on gas"
Nhon Trach 2,L100000405443,nhontrach2_gpmt_2024.pdf,KT2 (GT12),2023-06-12,NOx,40,mg/Nm3,test,measured,1788604,97 (design),52.8,"PDF pp. 150-151, Bảng 5.9","quarterly test, on gas"
Nhon Trach 2,L100000405443,nhontrach2_gpmt_2024.pdf,KT2 (GT12),2023-06-12,CO,150,mg/Nm3,test,measured,1788604,97 (design),198.0,"PDF pp. 150-151, Bảng 5.9","quarterly test, on gas"
Nhon Trach 2,L100000405443,nhontrach2_gpmt_2024.pdf,KT2 (GT12),2023-06-12,CO2,3,% vol,test,measured,1788604,,,"PDF pp. 150-151, Bảng 5.9",
Nhon Trach 2,L100000405443,nhontrach2_gpmt_2024.pdf,KT1 (GT11),2023-09-06,dust,24,mg/Nm3,test,measured,1490772,97 (design),26.4,"PDF pp. 150-151, Bảng 5.9","quarterly test, on gas"
Nhon Trach 2,L100000405443,nhontrach2_gpmt_2024.pdf,KT1 (GT11),2023-09-06,SO2,<2.62,mg/Nm3,test,measured,1490772,97 (design),,"PDF pp. 150-151, Bảng 5.9","quarterly test, on gas"
Nhon Trach 2,L100000405443,nhontrach2_gpmt_2024.pdf,KT1 (GT11),2023-09-06,NOx,74.1,mg/Nm3,test,measured,1490772,97 (design),81.5,"PDF pp. 150-151, Bảng 5.9","quarterly test, on gas"
Nhon Trach 2,L100000405443,nhontrach2_gpmt_2024.pdf,KT1 (GT11),2023-09-06,CO,17.1,mg/Nm3,test,measured,1490772,97 (design),18.8,"PDF pp. 150-151, Bảng 5.9","quarterly test, on gas"
Nhon Trach 2,L100000405443,nhontrach2_gpmt_2024.pdf,KT1 (GT11),2023-09-06,CO2,3.72,% vol,test,measured,1490772,,,"PDF pp. 150-151, Bảng 5.9",
Nhon Trach 2,L100000405443,nhontrach2_gpmt_2024.pdf,KT2 (GT12),2023-09-06,dust,30,mg/Nm3,test,measured,1519215,97 (design),33.6,"PDF pp. 150-151, Bảng 5.9","quarterly test, on gas"
Nhon Trach 2,L100000405443,nhontrach2_gpmt_2024.pdf,KT2 (GT12),2023-09-06,SO2,<2.62,mg/Nm3,test,measured,1519215,97 (design),,"PDF pp. 150-151, Bảng 5.9","quarterly test, on gas"
Nhon Trach 2,L100000405443,nhontrach2_gpmt_2024.pdf,KT2 (GT12),2023-09-06,NOx,52.3,mg/Nm3,test,measured,1519215,97 (design),58.6,"PDF pp. 150-151, Bảng 5.9","quarterly test, on gas"
Nhon Trach 2,L100000405443,nhontrach2_gpmt_2024.pdf,KT2 (GT12),2023-09-06,CO,27.4,mg/Nm3,test,measured,1519215,97 (design),30.7,"PDF pp. 150-151, Bảng 5.9","quarterly test, on gas"
Nhon Trach 2,L100000405443,nhontrach2_gpmt_2024.pdf,KT2 (GT12),2023-09-06,CO2,3.58,% vol,test,measured,1519215,,,"PDF pp. 150-151, Bảng 5.9",
Nhon Trach 2,L100000405443,nhontrach2_gpmt_2024.pdf,KT1 (GT11),2023-12-12,dust,19,mg/Nm3,test,measured,1397910,97 (design),19.6,"PDF pp. 150-151, Bảng 5.9","quarterly test, on gas"
Nhon Trach 2,L100000405443,nhontrach2_gpmt_2024.pdf,KT1 (GT11),2023-12-12,SO2,<2.62,mg/Nm3,test,measured,1397910,97 (design),,"PDF pp. 150-151, Bảng 5.9","quarterly test, on gas"
Nhon Trach 2,L100000405443,nhontrach2_gpmt_2024.pdf,KT1 (GT11),2023-12-12,NOx,5.64,mg/Nm3,test,measured,1397910,97 (design),5.8,"PDF pp. 150-151, Bảng 5.9","quarterly test, on gas"
Nhon Trach 2,L100000405443,nhontrach2_gpmt_2024.pdf,KT1 (GT11),2023-12-12,CO,212,mg/Nm3,test,measured,1397910,97 (design),218.7,"PDF pp. 150-151, Bảng 5.9","quarterly test, on gas"
Nhon Trach 2,L100000405443,nhontrach2_gpmt_2024.pdf,KT1 (GT11),2023-12-12,CO2,3.4,% vol,test,measured,1397910,,,"PDF pp. 150-151, Bảng 5.9",
Nhon Trach 2,L100000405443,nhontrach2_gpmt_2024.pdf,KT2 (GT12),2023-12-12,dust,24,mg/Nm3,test,measured,421174,97 (design),7.5,"PDF pp. 150-151, Bảng 5.9","quarterly test, on gas"
Nhon Trach 2,L100000405443,nhontrach2_gpmt_2024.pdf,KT2 (GT12),2023-12-12,SO2,<2.62,mg/Nm3,test,measured,421174,97 (design),,"PDF pp. 150-151, Bảng 5.9","quarterly test, on gas"
Nhon Trach 2,L100000405443,nhontrach2_gpmt_2024.pdf,KT2 (GT12),2023-12-12,NOx,<1.88,mg/Nm3,test,measured,421174,97 (design),,"PDF pp. 150-151, Bảng 5.9","quarterly test, on gas"
Nhon Trach 2,L100000405443,nhontrach2_gpmt_2024.pdf,KT2 (GT12),2023-12-12,CO,<1.14,mg/Nm3,test,measured,421174,97 (design),,"PDF pp. 150-151, Bảng 5.9","quarterly test, on gas"
Nhon Trach 2,L100000405443,nhontrach2_gpmt_2024.pdf,KT2 (GT12),2023-12-12,CO2,2.79,% vol,test,measured,421174,,,"PDF pp. 150-151, Bảng 5.9",
Nhon Trach 2,L100000405443,nhontrach2_gpmt_2024.pdf,KT1 (GT11),2024-03-26,dust,23,mg/Nm3,test,measured,1264027,97 (design),21.5,"PDF pp. 150-151, Bảng 5.9","quarterly test, on gas"
Nhon Trach 2,L100000405443,nhontrach2_gpmt_2024.pdf,KT1 (GT11),2024-03-26,SO2,<2.62,mg/Nm3,test,measured,1264027,97 (design),,"PDF pp. 150-151, Bảng 5.9","quarterly test, on gas"
Nhon Trach 2,L100000405443,nhontrach2_gpmt_2024.pdf,KT1 (GT11),2024-03-26,NOx,18.8,mg/Nm3,test,measured,1264027,97 (design),17.5,"PDF pp. 150-151, Bảng 5.9","quarterly test, on gas"
Nhon Trach 2,L100000405443,nhontrach2_gpmt_2024.pdf,KT1 (GT11),2024-03-26,CO,135,mg/Nm3,test,measured,1264027,97 (design),125.9,"PDF pp. 150-151, Bảng 5.9","quarterly test, on gas"
Nhon Trach 2,L100000405443,nhontrach2_gpmt_2024.pdf,KT1 (GT11),2024-03-26,CO2,3.22,% vol,test,measured,1264027,,,"PDF pp. 150-151, Bảng 5.9",
Nhon Trach 2,L100000405443,nhontrach2_gpmt_2024.pdf,KT2 (GT12),2024-03-26,dust,20,mg/Nm3,test,measured,1432225,97 (design),21.1,"PDF pp. 150-151, Bảng 5.9","quarterly test, on gas"
Nhon Trach 2,L100000405443,nhontrach2_gpmt_2024.pdf,KT2 (GT12),2024-03-26,SO2,<2.62,mg/Nm3,test,measured,1432225,97 (design),,"PDF pp. 150-151, Bảng 5.9","quarterly test, on gas"
Nhon Trach 2,L100000405443,nhontrach2_gpmt_2024.pdf,KT2 (GT12),2024-03-26,NOx,23.5,mg/Nm3,test,measured,1432225,97 (design),24.8,"PDF pp. 150-151, Bảng 5.9","quarterly test, on gas"
Nhon Trach 2,L100000405443,nhontrach2_gpmt_2024.pdf,KT2 (GT12),2024-03-26,CO,109,mg/Nm3,test,measured,1432225,97 (design),115.2,"PDF pp. 150-151, Bảng 5.9","quarterly test, on gas"
Nhon Trach 2,L100000405443,nhontrach2_gpmt_2024.pdf,KT2 (GT12),2024-03-26,CO2,3.17,% vol,test,measured,1432225,,,"PDF pp. 150-151, Bảng 5.9",
Nhon Trach 2,L100000405443,nhontrach2_gpmt_2024.pdf,KT1 (GT11),2024-06-13,dust,27.3,mg/Nm3,test,measured,1332102,97 (design),26.8,"PDF pp. 150-151, Bảng 5.9","quarterly test, on gas"
Nhon Trach 2,L100000405443,nhontrach2_gpmt_2024.pdf,KT1 (GT11),2024-06-13,SO2,<2.62,mg/Nm3,test,measured,1332102,97 (design),,"PDF pp. 150-151, Bảng 5.9","quarterly test, on gas"
Nhon Trach 2,L100000405443,nhontrach2_gpmt_2024.pdf,KT1 (GT11),2024-06-13,NOx,23.3,mg/Nm3,test,measured,1332102,97 (design),22.9,"PDF pp. 150-151, Bảng 5.9","quarterly test, on gas"
Nhon Trach 2,L100000405443,nhontrach2_gpmt_2024.pdf,KT1 (GT11),2024-06-13,CO,478,mg/Nm3,test,measured,1332102,97 (design),469.8,"PDF pp. 150-151, Bảng 5.9","quarterly test, on gas"
Nhon Trach 2,L100000405443,nhontrach2_gpmt_2024.pdf,KT1 (GT11),2024-06-13,CO2,3.29,% vol,test,measured,1332102,,,"PDF pp. 150-151, Bảng 5.9",
Nhon Trach 2,L100000405443,nhontrach2_gpmt_2024.pdf,KT2 (GT12),2024-06-13,dust,23.1,mg/Nm3,test,measured,1384156,97 (design),23.6,"PDF pp. 150-151, Bảng 5.9","quarterly test, on gas"
Nhon Trach 2,L100000405443,nhontrach2_gpmt_2024.pdf,KT2 (GT12),2024-06-13,SO2,<2.62,mg/Nm3,test,measured,1384156,97 (design),,"PDF pp. 150-151, Bảng 5.9","quarterly test, on gas"
Nhon Trach 2,L100000405443,nhontrach2_gpmt_2024.pdf,KT2 (GT12),2024-06-13,NOx,27.4,mg/Nm3,test,measured,1384156,97 (design),28.0,"PDF pp. 150-151, Bảng 5.9","quarterly test, on gas"
Nhon Trach 2,L100000405443,nhontrach2_gpmt_2024.pdf,KT2 (GT12),2024-06-13,CO,326,mg/Nm3,test,measured,1384156,97 (design),332.9,"PDF pp. 150-151, Bảng 5.9","quarterly test, on gas"
Nhon Trach 2,L100000405443,nhontrach2_gpmt_2024.pdf,KT2 (GT12),2024-06-13,CO2,3.3,% vol,test,measured,1384156,,,"PDF pp. 150-151, Bảng 5.9",
Nhon Trach 2,L100000405443,nhontrach2_gpmt_2024.pdf,KT1 (GT11),2024-09-19,dust,21.9,mg/Nm3,test,measured,1526580,97 (design),24.7,"PDF pp. 150-151, Bảng 5.9","quarterly test, on gas"
Nhon Trach 2,L100000405443,nhontrach2_gpmt_2024.pdf,KT1 (GT11),2024-09-19,SO2,<2.62,mg/Nm3,test,measured,1526580,97 (design),,"PDF pp. 150-151, Bảng 5.9","quarterly test, on gas"
Nhon Trach 2,L100000405443,nhontrach2_gpmt_2024.pdf,KT1 (GT11),2024-09-19,NOx,9.21,mg/Nm3,test,measured,1526580,97 (design),10.4,"PDF pp. 150-151, Bảng 5.9","quarterly test, on gas"
Nhon Trach 2,L100000405443,nhontrach2_gpmt_2024.pdf,KT1 (GT11),2024-09-19,CO,309,mg/Nm3,test,measured,1526580,97 (design),348.0,"PDF pp. 150-151, Bảng 5.9","quarterly test, on gas"
Nhon Trach 2,L100000405443,nhontrach2_gpmt_2024.pdf,KT1 (GT11),2024-09-19,CO2,3.51,% vol,test,measured,1526580,,,"PDF pp. 150-151, Bảng 5.9",
Nhon Trach 2,L100000405443,nhontrach2_gpmt_2024.pdf,KT2 (GT12),2024-09-19,dust,19.3,mg/Nm3,test,measured,1516402,97 (design),21.6,"PDF pp. 150-151, Bảng 5.9","quarterly test, on gas"
Nhon Trach 2,L100000405443,nhontrach2_gpmt_2024.pdf,KT2 (GT12),2024-09-19,SO2,<2.62,mg/Nm3,test,measured,1516402,97 (design),,"PDF pp. 150-151, Bảng 5.9","quarterly test, on gas"
Nhon Trach 2,L100000405443,nhontrach2_gpmt_2024.pdf,KT2 (GT12),2024-09-19,NOx,11.8,mg/Nm3,test,measured,1516402,97 (design),13.2,"PDF pp. 150-151, Bảng 5.9","quarterly test, on gas"
Nhon Trach 2,L100000405443,nhontrach2_gpmt_2024.pdf,KT2 (GT12),2024-09-19,CO,122,mg/Nm3,test,measured,1516402,97 (design),136.5,"PDF pp. 150-151, Bảng 5.9","quarterly test, on gas"
Nhon Trach 2,L100000405443,nhontrach2_gpmt_2024.pdf,KT2 (GT12),2024-09-19,CO2,3.63,% vol,test,measured,1516402,,,"PDF pp. 150-151, Bảng 5.9",
Ba Ria,L100000405433,baria_gpmt_2025.pdf,GT3,2024-06-04,dust,10,mg/Nm3,test,measured,131957,125,0.91,PDF p. 90 (Bảng 24); certificate p. 164,one-off campaign; plant proposes no further stack tests
Ba Ria,L100000405433,baria_gpmt_2025.pdf,GT3,2024-06-04,SO2,<2.62,mg/Nm3,test,measured,131957,125,,PDF p. 90 (Bảng 24); certificate p. 164,one-off campaign; plant proposes no further stack tests
Ba Ria,L100000405433,baria_gpmt_2025.pdf,GT3,2024-06-04,NOx,29.5,mg/Nm3,test,measured,131957,125,2.67,PDF p. 90 (Bảng 24); certificate p. 164,one-off campaign; plant proposes no further stack tests
Ba Ria,L100000405433,baria_gpmt_2025.pdf,GT3,2024-06-04,CO,52.4,mg/Nm3,test,measured,131957,125,4.74,PDF p. 90 (Bảng 24); certificate p. 164,one-off campaign; plant proposes no further stack tests
Ba Ria,L100000405433,baria_gpmt_2025.pdf,GT3,2024-06-04,CO2,1.45,% vol,test,measured,131957,125,,PDF p. 90 (Bảng 24); certificate p. 164,
Ba Ria,L100000405433,baria_gpmt_2025.pdf,GT4,2024-06-04,dust,13,mg/Nm3,test,measured,146592,128,1.3,PDF p. 90 (Bảng 24); certificate p. 164,one-off campaign; plant proposes no further stack tests
Ba Ria,L100000405433,baria_gpmt_2025.pdf,GT4,2024-06-04,SO2,<2.62,mg/Nm3,test,measured,146592,128,,PDF p. 90 (Bảng 24); certificate p. 164,one-off campaign; plant proposes no further stack tests
Ba Ria,L100000405433,baria_gpmt_2025.pdf,GT4,2024-06-04,NOx,71.3,mg/Nm3,test,measured,146592,128,7.12,PDF p. 90 (Bảng 24); certificate p. 164,one-off campaign; plant proposes no further stack tests
Ba Ria,L100000405433,baria_gpmt_2025.pdf,GT4,2024-06-04,CO,31.9,mg/Nm3,test,measured,146592,128,3.18,PDF p. 90 (Bảng 24); certificate p. 164,one-off campaign; plant proposes no further stack tests
Ba Ria,L100000405433,baria_gpmt_2025.pdf,GT4,2024-06-04,CO2,4.25,% vol,test,measured,146592,128,,PDF p. 90 (Bảng 24); certificate p. 164,
Ba Ria,L100000405433,baria_gpmt_2025.pdf,GT5,2024-06-04,dust,11,mg/Nm3,test,measured,159861,147,1.14,PDF p. 90 (Bảng 24); certificate p. 164,one-off campaign; plant proposes no further stack tests
Ba Ria,L100000405433,baria_gpmt_2025.pdf,GT5,2024-06-04,SO2,<2.62,mg/Nm3,test,measured,159861,147,,PDF p. 90 (Bảng 24); certificate p. 164,one-off campaign; plant proposes no further stack tests
Ba Ria,L100000405433,baria_gpmt_2025.pdf,GT5,2024-06-04,NOx,73.8,mg/Nm3,test,measured,159861,147,7.67,PDF p. 90 (Bảng 24); certificate p. 164,one-off campaign; plant proposes no further stack tests
Ba Ria,L100000405433,baria_gpmt_2025.pdf,GT5,2024-06-04,CO,30.8,mg/Nm3,test,measured,159861,147,3.2,PDF p. 90 (Bảng 24); certificate p. 164,one-off campaign; plant proposes no further stack tests
Ba Ria,L100000405433,baria_gpmt_2025.pdf,GT5,2024-06-04,CO2,4.55,% vol,test,measured,159861,147,,PDF p. 90 (Bảng 24); certificate p. 164,
Ba Ria,L100000405433,baria_gpmt_2025.pdf,GT6,2024-06-04,dust,15,mg/Nm3,test,measured,175009,139,1.74,PDF p. 90 (Bảng 24); certificate p. 164,one-off campaign; plant proposes no further stack tests
Ba Ria,L100000405433,baria_gpmt_2025.pdf,GT6,2024-06-04,SO2,<2.62,mg/Nm3,test,measured,175009,139,,PDF p. 90 (Bảng 24); certificate p. 164,one-off campaign; plant proposes no further stack tests
Ba Ria,L100000405433,baria_gpmt_2025.pdf,GT6,2024-06-04,NOx,68.0,mg/Nm3,test,measured,175009,139,7.89,PDF p. 90 (Bảng 24); certificate p. 164,one-off campaign; plant proposes no further stack tests
Ba Ria,L100000405433,baria_gpmt_2025.pdf,GT6,2024-06-04,CO,22.8,mg/Nm3,test,measured,175009,139,2.64,PDF p. 90 (Bảng 24); certificate p. 164,one-off campaign; plant proposes no further stack tests
Ba Ria,L100000405433,baria_gpmt_2025.pdf,GT6,2024-06-04,CO2,4.5,% vol,test,measured,175009,139,,PDF p. 90 (Bảng 24); certificate p. 164,
Ba Ria,L100000405433,baria_gpmt_2025.pdf,GT7,2024-06-04,dust,10,mg/Nm3,test,measured,146637,122,1.01,PDF p. 90 (Bảng 24); certificate p. 164,one-off campaign; plant proposes no further stack tests
Ba Ria,L100000405433,baria_gpmt_2025.pdf,GT7,2024-06-04,SO2,<2.62,mg/Nm3,test,measured,146637,122,,PDF p. 90 (Bảng 24); certificate p. 164,one-off campaign; plant proposes no further stack tests
Ba Ria,L100000405433,baria_gpmt_2025.pdf,GT7,2024-06-04,NOx,80.0,mg/Nm3,test,measured,146637,122,8.11,PDF p. 90 (Bảng 24); certificate p. 164,one-off campaign; plant proposes no further stack tests
Ba Ria,L100000405433,baria_gpmt_2025.pdf,GT7,2024-06-04,CO,34.2,mg/Nm3,test,measured,146637,122,3.47,PDF p. 90 (Bảng 24); certificate p. 164,one-off campaign; plant proposes no further stack tests
Ba Ria,L100000405433,baria_gpmt_2025.pdf,GT7,2024-06-04,CO2,5.15,% vol,test,measured,146637,122,,PDF p. 90 (Bảng 24); certificate p. 164,
Ba Ria,L100000405433,baria_gpmt_2025.pdf,GT8,2024-06-04,dust,13,mg/Nm3,test,measured,156874,131,1.38,PDF p. 90 (Bảng 24); certificate p. 164,one-off campaign; plant proposes no further stack tests
Ba Ria,L100000405433,baria_gpmt_2025.pdf,GT8,2024-06-04,SO2,<2.62,mg/Nm3,test,measured,156874,131,,PDF p. 90 (Bảng 24); certificate p. 164,one-off campaign; plant proposes no further stack tests
Ba Ria,L100000405433,baria_gpmt_2025.pdf,GT8,2024-06-04,NOx,81.2,mg/Nm3,test,measured,156874,131,8.61,PDF p. 90 (Bảng 24); certificate p. 164,one-off campaign; plant proposes no further stack tests
Ba Ria,L100000405433,baria_gpmt_2025.pdf,GT8,2024-06-04,CO,36.5,mg/Nm3,test,measured,156874,131,3.87,PDF p. 90 (Bảng 24); certificate p. 164,one-off campaign; plant proposes no further stack tests
Ba Ria,L100000405433,baria_gpmt_2025.pdf,GT8,2024-06-04,CO2,5.37,% vol,test,measured,156874,131,,PDF p. 90 (Bảng 24); certificate p. 164,
Ba Ria,L100000405433,baria_gpmt_2025.pdf,GT7,2024-12-26,dust,6.2,mg/Nm3,test,measured,141135,115,0.62,PDF p. 182,one-off campaign; plant proposes no further stack tests
Ba Ria,L100000405433,baria_gpmt_2025.pdf,GT7,2024-12-26,SO2,not detected,mg/Nm3,test,measured,141135,115,,PDF p. 182,one-off campaign; plant proposes no further stack tests
Ba Ria,L100000405433,baria_gpmt_2025.pdf,GT7,2024-12-26,NOx,79.6,mg/Nm3,test,measured,141135,115,7.9,PDF p. 182,one-off campaign; plant proposes no further stack tests
Ba Ria,L100000405433,baria_gpmt_2025.pdf,GT7,2024-12-26,CO,39.9,mg/Nm3,test,measured,141135,115,3.96,PDF p. 182,one-off campaign; plant proposes no further stack tests
Ba Ria,L100000405433,baria_gpmt_2025.pdf,GT7,2024-12-26,CO2,5.2,% vol,test,measured,141135,115,,PDF p. 182,
Ca Mau 1&2,L100000405435,camau12_gpmt_2025_part1.pdf,"Ca Mau 1, per stack",,NOx,52.5,mg/Nm3,design,rate-only,2394000,100,,"annex part 1, PDF pp. 59-62","2004 DTM design value, fuel gas; reference O2 not stated"
Ca Mau 1&2,L100000405435,camau12_gpmt_2025_part1.pdf,"Ca Mau 1, per stack",,CO,30,mg/Nm3,design,rate-only,2394000,100,,"annex part 1, PDF pp. 59-62","2004 DTM design value, fuel gas; reference O2 not stated"
Ca Mau 1&2,L100000405435,camau12_gpmt_2025_part1.pdf,"Ca Mau 1, per stack",,dust,10,mg/Nm3,design,rate-only,2394000,100,,"annex part 1, PDF pp. 59-62","2004 DTM design value, fuel gas; reference O2 not stated"
Ca Mau 1&2,L100000405435,camau12_gpmt_2025_part1.pdf,"Ca Mau 1, per stack",,NOx,630,mg/Nm3,design,rate-only,2520000,127,,"annex part 1, PDF pp. 59-62","2004 DTM design value, fuel DO; reference O2 not stated"
Ca Mau 1&2,L100000405435,camau12_gpmt_2025_part1.pdf,"Ca Mau 1, per stack",,NOx,126,mg/Nm3,design,rate-only,2520000,127,,"annex part 1, PDF pp. 59-62","2004 DTM design value, fuel DO, water injection; reference O2 not stated"
Ca Mau 1&2,L100000405435,camau12_gpmt_2025_part1.pdf,"Ca Mau 1, per stack",,CO,100,mg/Nm3,design,rate-only,2520000,127,,"annex part 1, PDF pp. 59-62","2004 DTM design value, fuel DO; reference O2 not stated"
Ca Mau 1&2,L100000405435,camau12_gpmt_2025_part1.pdf,"Ca Mau 1, per stack",,SO2,151,mg/Nm3,design,rate-only,2520000,127,,"annex part 1, PDF pp. 59-62","2004 DTM design value, fuel DO, S 0.35 %; reference O2 not stated"
Ca Mau 1&2,L100000405435,camau12_gpmt_2025_part1.pdf,"Ca Mau 1, per stack",,dust,25,mg/Nm3,design,rate-only,2520000,127,,"annex part 1, PDF pp. 59-62","2004 DTM design value, fuel DO; reference O2 not stated"
Nhon Trach 2,L100000405443,nhontrach2_gpmt_2024.pdf,plant (GT11+GT12),2024,NOx,542,t/yr,derived,reported-actual volume x measured conc,,,,"annual report 2024 pp. 46, 48, 50; GPMT Bảng 5.9",method A: reported flue volume; flue 28.5 bn Nm3; 2024 mean 19.0 mg/Nm3; 0.197 t/GWh
Nhon Trach 2,L100000405443,nhontrach2_gpmt_2024.pdf,plant (GT11+GT12),2024,dust,639,t/yr,derived,reported-actual volume x measured conc,,,,"annual report 2024 pp. 46, 48, 50; GPMT Bảng 5.9",method A: reported flue volume; flue 28.5 bn Nm3; 2024 mean 22.4 mg/Nm3; 0.233 t/GWh
Nhon Trach 2,L100000405443,nhontrach2_gpmt_2024.pdf,plant (GT11+GT12),2024,CO,7025,t/yr,derived,reported-actual volume x measured conc,,,,"annual report 2024 pp. 46, 48, 50; GPMT Bảng 5.9",method A: reported flue volume; flue 28.5 bn Nm3; 2024 mean 246.5 mg/Nm3; 2.562 t/GWh
Nhon Trach 2,L100000405443,nhontrach2_gpmt_2024.pdf,plant (GT11+GT12),2024,NOx,337,t/yr,derived,reported-actual CO2 x measured conc,,,,"annual report 2024 pp. 46, 48, 50; GPMT Bảng 5.9",method B: reported CO2 / measured CO2 %; flue 17.8 bn Nm3; 2024 mean 19.0 mg/Nm3; 0.123 t/GWh
Nhon Trach 2,L100000405443,nhontrach2_gpmt_2024.pdf,plant (GT11+GT12),2024,dust,398,t/yr,derived,reported-actual CO2 x measured conc,,,,"annual report 2024 pp. 46, 48, 50; GPMT Bảng 5.9",method B: reported CO2 / measured CO2 %; flue 17.8 bn Nm3; 2024 mean 22.4 mg/Nm3; 0.145 t/GWh
Nhon Trach 2,L100000405443,nhontrach2_gpmt_2024.pdf,plant (GT11+GT12),2024,CO,4377,t/yr,derived,reported-actual CO2 x measured conc,,,,"annual report 2024 pp. 46, 48, 50; GPMT Bảng 5.9",method B: reported CO2 / measured CO2 %; flue 17.8 bn Nm3; 2024 mean 246.5 mg/Nm3; 1.596 t/GWh
Nhon Trach 2,L100000405443,nhontrach2_gpmt_2024.pdf,plant (GT11+GT12),2024,NOx,301,t/yr,derived,reported-actual fuel x measured conc,,,,"annual report 2024 pp. 46, 48, 50; GPMT Bảng 5.9",method C: reported gas use / measured CO2 %; flue 15.8 bn Nm3; 2024 mean 19.0 mg/Nm3; 0.110 t/GWh
Nhon Trach 2,L100000405443,nhontrach2_gpmt_2024.pdf,plant (GT11+GT12),2024,dust,355,t/yr,derived,reported-actual fuel x measured conc,,,,"annual report 2024 pp. 46, 48, 50; GPMT Bảng 5.9",method C: reported gas use / measured CO2 %; flue 15.8 bn Nm3; 2024 mean 22.4 mg/Nm3; 0.129 t/GWh
Nhon Trach 2,L100000405443,nhontrach2_gpmt_2024.pdf,plant (GT11+GT12),2024,CO,3901,t/yr,derived,reported-actual fuel x measured conc,,,,"annual report 2024 pp. 46, 48, 50; GPMT Bảng 5.9",method C: reported gas use / measured CO2 %; flue 15.8 bn Nm3; 2024 mean 246.5 mg/Nm3; 1.423 t/GWh
Ba Ria,L100000405433,baria_gpmt_2025.pdf,plant (GT3-8),2022-24 average,NOx,86,t/yr,derived,rate-only + real generation,,,,"PDF pp. 21, 24, 90","137 GWh x 13050 BTU/kWh -> 106 kt CO2 -> 1.27 bn Nm3 at 4.21 % CO2; mean 67.3 mg/Nm3; 0.624 t/GWh; heat rate is simple-cycle, so an upper bound"
Ba Ria,L100000405433,baria_gpmt_2025.pdf,plant (GT3-8),2022-24 average,dust,15,t/yr,derived,rate-only + real generation,,,,"PDF pp. 21, 24, 90","137 GWh x 13050 BTU/kWh -> 106 kt CO2 -> 1.27 bn Nm3 at 4.21 % CO2; mean 12.0 mg/Nm3; 0.111 t/GWh; heat rate is simple-cycle, so an upper bound"
Ba Ria,L100000405433,baria_gpmt_2025.pdf,plant (GT3-8),2022-24 average,CO,44,t/yr,derived,rate-only + real generation,,,,"PDF pp. 21, 24, 90","137 GWh x 13050 BTU/kWh -> 106 kt CO2 -> 1.27 bn Nm3 at 4.21 % CO2; mean 34.8 mg/Nm3; 0.323 t/GWh; heat rate is simple-cycle, so an upper bound"
Ca Mau 1&2,L100000405435,camau12_gpmt_2025_part1.pdf,Ca Mau 1,2024,NOx,628,t/yr,derived,rate-only + real fuel,,,,POW annual report 2024 p. 88 (PDF p. 44); annex part 1 PDF pp. 59-62,"480.06 M Sm3 gas / 4.015 % CO2 = 12.0 bn Nm3 x 52.5 mg/Nm3 (2004 design, ref O2 not stated)"
Ca Mau 1&2,L100000405435,camau12_gpmt_2025_part1.pdf,Ca Mau 1,2024,dust,120,t/yr,derived,rate-only + real fuel,,,,POW annual report 2024 p. 88 (PDF p. 44); annex part 1 PDF pp. 59-62,"480.06 M Sm3 gas / 4.015 % CO2 = 12.0 bn Nm3 x 10 mg/Nm3 (2004 design, ref O2 not stated)"
Ca Mau 1&2,L100000405435,camau12_gpmt_2025_part1.pdf,Ca Mau 1,2024,CO,359,t/yr,derived,rate-only + real fuel,,,,POW annual report 2024 p. 88 (PDF p. 44); annex part 1 PDF pp. 59-62,"480.06 M Sm3 gas / 4.015 % CO2 = 12.0 bn Nm3 x 30 mg/Nm3 (2004 design, ref O2 not stated)"
Ca Mau 1&2,L100000405435,camau12_gpmt_2025_part1.pdf,Ca Mau 2,2024,NOx,954,t/yr,derived,rate-only + real fuel,,,,POW annual report 2024 p. 88 (PDF p. 44); annex part 1 PDF pp. 59-62,"729.50 M Sm3 gas / 4.015 % CO2 = 18.2 bn Nm3 x 52.5 mg/Nm3 (2004 design, ref O2 not stated)"
Ca Mau 1&2,L100000405435,camau12_gpmt_2025_part1.pdf,Ca Mau 2,2024,dust,182,t/yr,derived,rate-only + real fuel,,,,POW annual report 2024 p. 88 (PDF p. 44); annex part 1 PDF pp. 59-62,"729.50 M Sm3 gas / 4.015 % CO2 = 18.2 bn Nm3 x 10 mg/Nm3 (2004 design, ref O2 not stated)"
Ca Mau 1&2,L100000405435,camau12_gpmt_2025_part1.pdf,Ca Mau 2,2024,CO,545,t/yr,derived,rate-only + real fuel,,,,POW annual report 2024 p. 88 (PDF p. 44); annex part 1 PDF pp. 59-62,"729.50 M Sm3 gas / 4.015 % CO2 = 18.2 bn Nm3 x 30 mg/Nm3 (2004 design, ref O2 not stated)"
