scope,country,indev_total,indev_mw,announced,pre-construction,construction,shelved,mothballed,operating,retired,cancelled,total_rows,assignee_role,assignment_status,packet_file,applied,notes
China,China,310,131871.4,99,148,63,0,3,783,8,9,1113,,,,,
United States - Texas,United States,210,124054.8,27,175,8,3,2,344,8,38,605,,,,,
Russia,Russia,104,20434.6,11,46,47,4,1,746,49,12,916,,,,,
Iraq,Iraq,97,46606.9,4,36,57,0,20,288,3,2,410,,,,,
Brazil,Brazil,97,46402.0,35,49,13,2,3,133,3,1,239,,,,,
Indonesia,Indonesia,91,16337.0,71,13,7,0,2,104,6,3,206,,,,,
Nigeria,Nigeria,74,14701.7,62,7,5,16,10,75,0,4,179,,,,,
Iran,Iran,69,16029.0,3,13,53,3,0,439,1,1,513,,,,,
Canada,Canada,63,19448.7,40,19,4,1,3,146,0,5,218,,,,,
United States - Ohio,United States,59,22271.3,6,36,17,1,0,75,1,2,138,,,,,
United Kingdom,United Kingdom,50,18565.2,10,31,9,10,8,152,7,8,235,,,,,
Vietnam,Vietnam,50,54285.0,20,19,11,0,0,18,0,46,114,,,,,
United States - Indiana,United States,49,24048.4,27,16,6,1,0,62,0,1,113,,,,,
United States - Georgia,United States,46,23898.8,22,13,11,0,0,108,1,0,155,,,,,
South Korea,South Korea,42,20161.0,25,6,11,0,0,115,2,0,159,,,,,
Kazakhstan,Kazakhstan,42,9799.5,7,17,18,0,0,44,1,7,94,,,,,
United States - Pennsylvania,United States,39,26682.2,13,13,13,1,1,71,1,4,117,,,,,
Germany,Germany,35,17452.6,13,16,6,3,6,298,12,1,355,,,,,
United States - Louisiana,United States,33,20838.8,9,17,7,0,3,76,4,1,117,,,,,
Taiwan,Taiwan,33,27807.0,8,14,11,3,1,59,5,0,101,,,,,
Ireland,Ireland,33,6429.8,4,19,10,0,2,49,5,1,90,,,,,
Ukraine,Ukraine,33,3199.5,5,28,0,2,19,30,0,2,86,,,,,
United States - Arizona,United States,31,13492.5,27,2,2,0,4,80,0,13,128,,,,,
Japan,Japan,30,17335.5,17,11,2,0,1,276,38,1,346,,,,,
United States - Missouri,United States,28,12111.7,15,7,6,0,0,58,7,0,93,,,,,
Poland,Poland,28,11587.0,4,13,11,1,0,30,0,0,59,,,,,
Australia,Australia,26,7438.3,17,6,3,0,0,207,7,5,245,,,,,
Bangladesh,Bangladesh,26,14966.0,17,2,7,0,2,131,7,13,179,,,,,
Philippines,Philippines,24,13873.5,19,3,2,3,2,28,0,9,66,,,,,
Libya,Libya,23,7452.0,0,4,19,0,0,78,0,1,102,,,,,
United States - North Carolina,United States,23,17896.9,12,7,4,1,5,62,0,0,91,,,,,
United States - Tennessee,United States,23,9409.2,4,1,18,1,0,58,8,0,90,,,,,
Syria,Syria,23,10310.0,10,4,9,0,6,37,1,1,68,,,,,
United States - New Mexico,United States,22,6216.4,8,14,0,0,0,20,0,6,48,,,,,
United States - Wisconsin,United States,21,7154.9,4,11,6,0,0,47,5,0,73,,,,,
Mexico,Mexico,20,11291.3,5,8,7,2,4,183,6,2,217,,,,,
Israel,Israel,19,11846.5,0,4,15,0,0,63,2,1,85,,,,,
Turkmenistan,Turkmenistan,18,2074.0,0,16,2,0,0,42,0,1,61,,,,,
United States - Iowa,United States,18,6991.5,10,8,0,0,0,26,1,2,47,,,,,
United States - Arkansas,United States,18,7971.3,10,7,1,0,4,17,1,0,40,,,,,
Saudi Arabia,Saudi Arabia,17,33698.0,0,2,15,0,0,580,5,1,603,,,,,
United States - Virginia,United States,17,12490.2,6,11,0,2,10,55,2,6,92,,,,,
Romania,Romania,17,4984.2,2,7,8,1,11,30,4,1,64,,,,,
Czech Republic,Czech Republic,17,3244.0,5,10,2,0,0,15,0,0,32,,,,,
United States - Wyoming,United States,17,9506.2,9,8,0,2,0,4,0,1,24,,,,,
United States - Kentucky,United States,16,7895.9,4,9,3,0,5,51,0,0,72,,,,,
United States - South Carolina,United States,16,7633.0,6,7,3,0,0,38,9,0,63,,,,,
United States - Alabama,United States,15,7801.0,12,3,0,0,0,59,2,0,76,,,,,
United States - Oklahoma,United States,15,4721.5,3,5,7,0,1,56,2,0,74,,,,,
United States - West Virginia,United States,15,23096.4,2,12,1,2,0,9,0,1,27,,,,,
Morocco,Morocco,15,6832.0,13,0,2,0,0,11,0,0,26,,,,,
Malaysia,Malaysia,14,10958.6,1,6,7,0,0,48,8,0,70,,,,,
Papua New Guinea,Papua New Guinea,13,354.0,0,13,0,0,0,7,0,0,20,,,,,
United States - Nebraska,United States,12,2920.6,3,3,6,0,0,27,0,0,39,,,,,
United States - Florida,United States,11,4468.5,9,1,1,0,4,161,3,1,180,,,,,
Uzbekistan,Uzbekistan,11,5499.0,2,4,5,0,0,59,5,1,76,,,,,
United States - Kansas,United States,11,6101.9,8,3,0,0,5,38,0,0,54,,,,,
Colombia,Colombia,11,3233.0,8,3,0,0,0,23,0,2,36,,,,,
United States - Utah,United States,11,10084.8,4,6,1,0,0,12,0,0,23,,,,,
United States - Idaho,United States,11,2846.2,9,2,0,0,0,7,0,0,18,,,,,
Mozambique,Mozambique,11,3099.0,2,1,8,0,0,5,0,1,17,,,,,
Kyrgyzstan,Kyrgyzstan,11,1649.0,1,8,2,0,0,0,0,0,11,,,,,
Greece,Greece,10,4194.5,2,6,2,1,0,44,3,0,58,,,,,
United States - Colorado,United States,10,3601.3,2,6,2,0,2,40,2,1,55,,,,,
United States - Mississippi,United States,10,4004.3,1,1,8,0,0,41,2,0,53,,,,,
Algeria,Algeria,9,4094.0,0,0,9,0,0,169,0,0,178,,,,,
Thailand,Thailand,9,5470.0,7,1,1,0,9,111,9,0,138,,,,,
Kuwait,Kuwait,9,17650.0,2,3,4,0,0,81,0,0,90,,,,,
United States - Nevada,United States,9,3251.8,4,4,1,0,3,42,0,0,54,,,,,
Ecuador,Ecuador,9,1108.2,6,0,3,0,1,17,9,0,36,,,,,
Italy,Italy,8,5430.6,1,5,2,2,7,181,16,11,225,,,,,
United Arab Emirates,United Arab Emirates,8,9255.0,0,3,5,0,0,130,17,0,155,,,,,
South Africa,South Africa,8,10050.0,0,8,0,8,0,26,0,0,42,,,,,
Angola,Angola,8,1948.0,1,7,0,0,0,4,0,0,12,,,,,
United States - California,United States,7,1723.1,2,4,1,0,4,224,11,0,246,,,,,
United States - Michigan,United States,7,4807.9,3,3,1,0,1,52,0,0,60,,,,,
United States - Minnesota,United States,7,2433.5,4,3,0,1,0,34,4,0,46,,,,,
United States - North Dakota,United States,7,4620.0,1,2,4,0,0,16,0,1,24,,,,,
Egypt,Egypt,5,2675.0,1,0,4,0,0,132,8,3,148,,,,,
Chile,Chile,5,1135.8,2,1,2,0,0,49,2,4,60,,,,,
Yemen,Yemen,5,546.0,2,1,2,0,1,37,0,0,43,,,,,
Cyprus,Cyprus,5,605.0,0,3,2,0,0,23,0,0,28,,,,,
Hong Kong,Hong Kong,5,900.0,0,1,4,0,0,22,1,0,28,,,,,
United States - South Dakota,United States,5,582.1,2,2,1,0,0,13,0,0,18,,,,,
United States - (no state),United States,5,4245.7,0,5,0,0,0,5,0,0,10,,,,,
Gibraltar,Gibraltar,5,250.0,0,5,0,0,0,2,0,0,7,,,,,
Palestine,Palestine,5,1120.0,1,2,2,0,0,1,0,0,6,,,,,
Dominican Republic,Dominican Republic,4,1455.0,1,0,3,0,0,25,3,1,33,,,,,
Myanmar,Myanmar,4,2316.0,0,2,2,2,1,25,0,1,33,,,,,
Qatar,Qatar,4,2916.0,0,0,4,0,0,28,0,0,32,,,,,
Puerto Rico,Puerto Rico,4,1260.0,1,1,2,0,0,25,2,0,31,,,,,
Afghanistan,Afghanistan,4,3960.0,2,1,1,1,0,4,0,0,9,,,,,
Mauritania,Mauritania,4,624.0,2,1,1,0,0,4,0,0,8,,,,,
Cameroon,Cameroon,4,850.0,2,2,0,0,0,3,0,0,7,,,,,
Albania,Albania,4,520.0,0,4,0,0,0,2,0,0,6,,,,,
Guyana,Guyana,4,900.0,1,1,2,0,0,1,0,0,5,,,,,
Montenegro,Montenegro,4,840.0,4,0,0,0,0,0,0,0,4,,,,,
United States - Illinois,United States,3,1676.0,0,3,0,0,4,117,19,0,143,,,,,
India,India,3,1020.0,2,1,0,1,0,100,1,5,110,,,,,
Belarus,Belarus,3,175.0,0,3,0,0,0,67,3,0,73,,,,,
Singapore,Singapore,3,1870.0,0,1,2,0,0,46,0,0,49,,,,,
Bahrain,Bahrain,3,3000.0,0,2,1,0,0,25,0,0,28,,,,,
Sudan,Sudan,3,1170.0,2,0,1,0,8,16,0,0,27,,,,,
Hungary,Hungary,3,1540.0,0,0,3,0,0,23,0,0,26,,,,,
Jordan,Jordan,3,1300.0,0,3,0,0,0,21,0,0,24,,,,,
Tanzania,Tanzania,3,827.0,3,0,0,2,0,15,0,1,21,,,,,
Sri Lanka,Sri Lanka,3,680.0,0,3,0,0,0,14,0,0,17,,,,,
Moldova,Moldova,3,305.0,2,1,0,0,1,7,0,0,11,,,,,
North Macedonia,North Macedonia,3,805.0,0,3,0,0,0,2,0,0,5,,,,,
Zimbabwe,Zimbabwe,3,800.0,3,0,0,0,0,0,0,1,4,,,,,
Netherlands,Netherlands,2,560.0,0,2,0,0,3,67,3,0,75,,,,,
Oman,Oman,2,2577.0,0,0,2,0,0,67,6,0,75,,,,,
Belgium,Belgium,2,1770.0,0,1,1,0,3,35,5,4,49,,,,,
United States - Maryland,United States,2,714.0,2,0,0,0,0,30,4,1,37,Amalia Llano,close-out,gogpt_batch_20261002_1633_ET_us-md_update,,blind calibration 2026-10-02 scored; packet rebuilt 1633 with Latest Activity as dates; awaiting apply
United States - Hawaii,United States,2,752.0,2,0,0,0,0,22,0,0,24,,,,,
Ghana,Ghana,2,600.0,1,1,0,0,0,17,0,0,19,,,,,
Bulgaria,Bulgaria,2,282.0,1,1,0,1,2,10,0,2,17,,,,,
Armenia,Armenia,2,176.0,0,1,1,0,6,4,1,2,15,,,,,
Senegal,Senegal,2,491.0,1,0,1,0,0,9,0,0,11,,,,,
Serbia,Serbia,2,850.0,2,0,0,0,0,4,0,3,9,,,,,
Burkina Faso,Burkina Faso,2,50.0,2,0,0,0,0,4,0,0,6,,,,,
Cambodia,Cambodia,2,900.0,0,0,2,0,0,4,0,0,6,,,,,
Bahamas,Bahamas,2,247.0,0,2,0,0,0,3,0,0,5,,,,,
Bosnia and Herzegovina,Bosnia and Herzegovina,2,237.5,2,0,0,1,0,0,0,1,4,,,,,
Estonia,Estonia,2,300.0,1,1,0,0,0,2,0,0,4,,,,,
DR Congo,DR Congo,2,240.0,2,0,0,0,0,0,0,0,2,,,,,
United States - New York,United States,1,750.0,1,0,0,0,2,115,1,3,122,Amalia Llano,close-out,gogpt_batch_20261002_1631_ET_us-ny_update,,narrowed update mode 2026-10-02; 20 of 74 plants tasked; awaiting apply
France,France,1,647.0,0,1,0,0,0,92,1,0,94,,,,,
Pakistan,Pakistan,1,204.0,0,1,0,0,6,68,10,0,85,,,,,
Cuba,Cuba,1,200.0,1,0,0,0,19,7,13,0,40,,,,,
Peru,Peru,1,200.0,1,0,0,0,0,38,0,0,39,,,,,
Bolivia,Bolivia,1,140.0,1,0,0,0,1,30,0,0,32,,,,,
Tunisia,Tunisia,1,1400.0,1,0,0,0,0,27,4,0,32,,,,,
Azerbaijan,Azerbaijan,1,500.0,0,1,0,0,0,27,0,2,30,,,,,
Lebanon,Lebanon,1,825.0,0,1,0,0,0,21,2,0,24,,,,,
United States - Washington,United States,1,700.0,1,0,0,0,4,15,0,0,20,,,,,
United States - Alaska,United States,1,3000.0,0,1,0,0,5,10,0,0,16,,,,,
Honduras,Honduras,1,70.0,0,0,1,0,0,13,0,0,14,,,,,
Georgia,Georgia,1,400.0,0,1,0,0,5,7,0,0,13,,,,,
Guinea,Guinea,1,1800.0,1,0,0,0,0,12,0,0,13,,,,,
Côte d'Ivoire,Côte d'Ivoire,1,372.0,0,1,0,0,0,7,0,0,8,,,,,
Panama,Panama,1,153.0,1,0,0,1,0,6,0,0,8,,,,,
Nicaragua,Nicaragua,1,315.0,0,0,1,0,0,5,1,0,7,,,,,
Gabon,Gabon,1,125.0,0,0,1,0,0,5,0,0,6,,,,,
Brunei,Brunei,1,215.0,1,0,0,0,0,4,0,0,5,,,,,
Republic of the Congo,Republic of the Congo,1,516.0,1,0,0,0,0,4,0,0,5,,,,,
Rwanda,Rwanda,1,72.0,1,0,0,0,0,4,0,0,5,,,,,
Sierra Leone,Sierra Leone,1,105.0,0,1,0,0,0,4,0,0,5,,,,,
Chad,Chad,1,90.0,1,0,0,0,0,3,0,0,4,,,,,
Liberia,Liberia,1,300.0,0,1,0,0,0,3,0,0,4,,,,,
Seychelles,Seychelles,1,16.0,1,0,0,0,0,3,0,0,4,,,,,
Benin,Benin,1,200.0,1,0,0,1,0,1,0,0,3,,,,,
Macao,Macao,1,450.0,1,0,0,0,0,2,0,0,3,,,,,
Namibia,Namibia,1,475.0,0,1,0,0,0,1,0,1,3,,,,,
Djibouti,Djibouti,1,50.0,1,0,0,0,0,1,0,0,2,,,,,
Antigua and Barbuda,Antigua and Barbuda,1,46.0,0,0,1,0,0,0,0,0,1,,,,,
Kosovo,Kosovo,1,500.0,1,0,0,0,0,0,0,0,1,,,,,
Spain,Spain,0,0.0,0,0,0,0,3,161,4,1,169,,,,,
Argentina,Argentina,0,0.0,0,0,0,0,0,106,4,0,110,,,,,
Türkiye,Türkiye,0,0.0,0,0,0,0,14,89,1,2,106,,,,,
Venezuela,Venezuela,0,0.0,0,0,0,0,64,14,0,0,78,,,,,
United States - New Jersey,United States,0,0.0,0,0,0,0,1,54,5,3,63,,,,,
United States - Connecticut,United States,0,0.0,0,0,0,0,0,41,1,2,44,,,,,
United States - Massachusetts,United States,0,0.0,0,0,0,2,0,33,8,0,43,,,,,
Finland,Finland,0,0.0,0,0,0,0,1,35,1,0,37,,,,,
Sweden,Sweden,0,0.0,0,0,0,0,2,27,0,0,29,,,,,
Austria,Austria,0,0.0,0,0,0,0,2,22,1,0,25,,,,,
Portugal,Portugal,0,0.0,0,0,0,0,0,24,1,0,25,,,,,
Mauritius,Mauritius,0,0.0,0,0,0,0,0,24,0,0,24,,,,,
New Zealand,New Zealand,0,0.0,0,0,0,0,0,17,2,0,19,,,,,
Denmark,Denmark,0,0.0,0,0,0,0,2,14,2,0,18,,,,,
Trinidad and Tobago,Trinidad and Tobago,0,0.0,0,0,0,0,0,17,0,0,17,,,,,
Croatia,Croatia,0,0.0,0,0,0,2,0,13,0,1,16,,,,,
United States - Oregon,United States,0,0.0,0,0,0,0,0,10,0,4,14,,,,,
United States - Delaware,United States,0,0.0,0,0,0,0,1,11,1,0,13,,,,,
Slovakia,Slovakia,0,0.0,0,0,0,0,0,12,0,0,12,,,,,
Costa Rica,Costa Rica,0,0.0,0,0,0,0,1,10,0,0,11,,,,,
Slovenia,Slovenia,0,0.0,0,0,0,0,0,8,3,0,11,,,,,
United States - Maine,United States,0,0.0,0,0,0,0,0,8,3,0,11,,,,,
Lithuania,Lithuania,0,0.0,0,0,0,1,1,6,2,0,10,,,,,
Switzerland,Switzerland,0,0.0,0,0,0,0,8,2,0,0,10,,,,,
Uruguay,Uruguay,0,0.0,0,0,0,0,0,10,0,0,10,,,,,
Kenya,Kenya,0,0.0,0,0,0,0,0,7,2,0,9,,,,,
United States - Montana,United States,0,0.0,0,0,0,0,0,9,0,0,9,,,,,
El Salvador,El Salvador,0,0.0,0,0,0,0,0,8,0,0,8,,,,,
Jamaica,Jamaica,0,0.0,0,0,0,1,0,7,0,0,8,,,,,
United States - Rhode Island,United States,0,0.0,0,0,0,0,0,7,1,0,8,,,,,
French Guiana,French Guiana,0,0.0,0,0,0,0,0,7,0,0,7,,,,,
Guatemala,Guatemala,0,0.0,0,0,0,0,1,6,0,0,7,,,,,
New Caledonia,New Caledonia,0,0.0,0,0,0,0,3,4,0,0,7,,,,,
Norway,Norway,0,0.0,0,0,0,0,0,2,5,0,7,,,,,
Barbados,Barbados,0,0.0,0,0,0,0,0,6,0,0,6,,,,,
Suriname,Suriname,0,0.0,0,0,0,0,0,6,0,0,6,,,,,
Cayman Islands,Cayman Islands,0,0.0,0,0,0,0,0,5,0,0,5,,,,,
Fiji,Fiji,0,0.0,0,0,0,0,0,5,0,0,5,,,,,
Madagascar,Madagascar,0,0.0,0,0,0,0,0,5,0,0,5,,,,,
Martinique,Martinique,0,0.0,0,0,0,0,0,5,0,0,5,,,,,
Aruba,Aruba,0,0.0,0,0,0,0,0,4,0,0,4,,,,,
Eritrea,Eritrea,0,0.0,0,0,0,0,0,4,0,0,4,,,,,
Guadeloupe,Guadeloupe,0,0.0,0,0,0,0,0,4,0,0,4,,,,,
Latvia,Latvia,0,0.0,0,0,0,0,0,4,0,0,4,,,,,
Malawi,Malawi,0,0.0,0,0,0,0,0,4,0,0,4,,,,,
Malta,Malta,0,0.0,0,0,0,0,0,4,0,0,4,,,,,
Niger,Niger,0,0.0,0,0,0,0,0,4,0,0,4,,,,,
The Gambia,The Gambia,0,0.0,0,0,0,0,0,4,0,0,4,,,,,
Equatorial Guinea,Equatorial Guinea,0,0.0,0,0,0,0,0,3,0,0,3,,,,,
Isle of Man,Isle of Man,0,0.0,0,0,0,0,0,3,0,0,3,,,,,
Mali,Mali,0,0.0,0,0,0,0,0,3,0,0,3,,,,,
Réunion,Réunion,0,0.0,0,0,0,0,0,3,0,0,3,,,,,
Tajikistan,Tajikistan,0,0.0,0,0,0,0,0,3,0,0,3,,,,,
Uganda,Uganda,0,0.0,0,0,0,0,0,3,0,0,3,,,,,
United States - New Hampshire,United States,0,0.0,0,0,0,0,0,3,0,0,3,,,,,
Zambia,Zambia,0,0.0,0,0,0,0,0,1,0,2,3,,,,,
Bermuda,Bermuda,0,0.0,0,0,0,0,0,2,0,0,2,,,,,
Maldives,Maldives,0,0.0,0,0,0,0,0,2,0,0,2,,,,,
Solomon Islands,Solomon Islands,0,0.0,0,0,0,0,0,2,0,0,2,,,,,
South Sudan,South Sudan,0,0.0,0,0,0,0,0,2,0,0,2,,,,,
Timor-Leste,Timor-Leste,0,0.0,0,0,0,0,0,2,0,0,2,,,,,
Togo,Togo,0,0.0,0,0,0,0,0,2,0,0,2,,,,,
American Samoa,American Samoa,0,0.0,0,0,0,0,0,1,0,0,1,,,,,
Botswana,Botswana,0,0.0,0,0,0,0,0,1,0,0,1,,,,,
Burundi,Burundi,0,0.0,0,0,0,0,0,1,0,0,1,,,,,
Central African Republic,Central African Republic,0,0.0,0,0,0,0,0,1,0,0,1,,,,,
Ethiopia,Ethiopia,0,0.0,0,0,0,0,0,0,0,1,1,,,,,
Guam,Guam,0,0.0,0,0,0,0,0,1,0,0,1,,,,,
Saint Pierre and Miquelon,Saint Pierre and Miquelon,0,0.0,0,0,0,0,0,1,0,0,1,,,,,
Samoa,Samoa,0,0.0,0,0,0,0,0,1,0,0,1,,,,,
Somalia,Somalia,0,0.0,0,0,0,0,0,1,0,0,1,,,,,
Western Sahara,Western Sahara,0,0.0,0,0,0,0,0,1,0,0,1,,,,,
Eswatini,Eswatini,0,0.0,0,0,0,0,0,0,0,0,0,,,,,
