track,lead_status,gem_location_id,plant_name,plant_name_local,other_names,state_province,units,mw_pipeline,mw_operating,technology,equipment,fuel,owner,start_years,lat,lon,licensor,licence_stage,search_status,doc_type,doc_ref,doc_design_matches,evidence,basis,pollutants,rungs_tried,last_checked,notes
pipeline,construction,L100000405444,O Mon Power Complex,Nhà Máy Nhiệt Điện Ô Môn,,Cần Thơ,announced x2; pre-construction x2; construction x1,3915,0,steam turbine; combined cycle,Mitsubishi Power; not found; Mitsubishi Heavy Industries: M701JAC,fossil gas: natural gas,Vietnam Trading Engineering Construction JSC; Marubeni Corp; Vietnam Oil and Gas Group Co [100%],2028; 2027,10.1349160,105.6693250,MAE (ministry),,found-values,"ADB EIA (O Mon IV), 2007 inputs; O Mon I GPMT report May 2026",adb.org 43400-013-vie-eiaab.pdf,no,B+C+stack,rate-only,"NOx, SO2, PM (2007 worst case)",portal; ADB,2026-09-18,no ĐTM on portal for III / IV; lender ESIA still in procurement; full inventory: only Ô Môn I GPMT (id 6303); no III / IV ĐTM; III/IV transferred to Petrovietnam 2023 (tracker lead); lender sweep: new ESIA not posted
pipeline,construction,L100001047349,Haiphong LNG power station,,"LNG Hai Phong Phase I, LNG Hai Phong Phase II",Hải Phòng,construction x2,4800,0,unknown,GE Vernova: 9HA.02,fossil gas: LNG,Vingroup JSC [100%]; VinEnergo JSC,2030; 2035,20.8316920,106.6844640,MAE (ministry),,found-values,"ĐTM, Aug 2025",thamvan.mae.gov.vn id 5824,,B+C+stack+hours,design-hours,"NOx, CO",portal,2026-09-18,PM and SO2 asserted zero; six vs eight stacks inconsistent
pipeline,construction,L100000405437,Hiep Phuoc power station,,"Hiep Phuoc LNG project, LNG Hiep Phuoc Phase I, LNG Hiep Phuoc Phase II",Hồ Chí Minh,operating x3; construction x3; announced x1,2280,375,steam turbine; gas turbine; unknown,Siemens Energy: SGT5-4000F; not found,fossil gas: natural gas; fossil gas: LNG,Hiep Phuoc Power Co Ltd [100%],1998; 2028; 2030,10.6416770,106.7456020,MONRE (ministry),,not-found,,,,,,,portal; web search,2026-09-18,"ĐTM approved Feb 2021 (QĐ 188/QĐ-BTNMT), before the portal; lender route untested; full inventory confirms absence; lender sweep: nothing; press: now Hải Linh, groundbreaking 26 Mar 2026 (tracker lead)"
pipeline,construction,L100000104324,Quynh Lap power station,,,Nghệ An,construction x2,1500,0,unknown,GE Vernova: 9HA.02,fossil gas: LNG,,2030,19.2756300,105.7801900,,,not-found,,,,,,,portal; provincial portal; news,2026-09-18,portal: no entry (full inventory); no ĐTM found on Nghệ An sites; subagent claims appraisal under way at the province (unverified - not in the cited page)
pipeline,construction,L100000405436,Ca Na power station,,Ninh Hoa power plant,Ninh Thuận,construction x1; cancelled x3,1500,0,combined cycle,not found,fossil gas: LNG,B.Grimm Power PCL; Gulf Development PCL,2026,11.3355910,108.8890600,MAE (ministry),,found-values,"ĐTM consultation draft, Jun 2026",thamvan.mae.gov.vn id 6315,,B+C+stack+hours,design-hours,"NOx, CO",portal,2026-09-18,"g/s numerically equals mg/Nm3 - mass rate approximate; press: now Trung Nam - Sideros River, Apr 2026 (tracker lead)"
pipeline,construction,L100000405980,Thai Binh Combined Cycle power station,,Thai Binh LNG power plant,Thái Bình,construction x2; cancelled x4,1500,0,combined cycle,not found,fossil gas: LNG,Thai Binh LNG Power JSC,2028; 2029,20.4479350,106.3569510,MAE (ministry),,found-values,"ĐTM consultation draft, Jun 2025",thamvan.mae.gov.vn id 4985,,B+C+stack+hours,design-hours,"NOx, CO",portal,2026-09-18,SCR required; SCR-failure case modelled; gas and oil backup
pipeline,pre-construction,L100000405451,Son My I power station,Nhà máy Nhiệt điện Sơn Mỹ 1,,Bình Thuận,pre-construction x1,2250,0,combined cycle,not found,fossil gas: LNG,Electricité de France SA [38%]; Pacific Group JSC [25%]; Sojitz Corp [19%]; Kyushu Electric Power Co Inc [19%],2028,10.6500800,107.6846400,,,not-found,,,,,,,portal; provincial portal; news,2026-09-18,"portal: no plant ĐTM (full inventory); only the Sơn Mỹ LNG terminal ĐTM, id 1375; ĐTM approved by MONRE in 2022 (verified: https://www.sggp.org.vn/hai-du-an-dien-khi-43-ty-usd-o-binh-thuan-bay-gio-ra-sao-post790177.html); pre-portal, not online; route = access-to-information request or lender ESIA"
pipeline,pre-construction,L100000405452,Son My II power station,Nhà máy Nhiệt điện Sơn Mỹ 2,,Bình Thuận,pre-construction x3,2250,0,combined cycle,not found,fossil gas: LNG,AES Corp [100%],2028,10.6557740,107.6467240,MAE (ministry),,not-found,,,,,,,portal; DFC; web search; news,2026-09-18,"ĐTM not yet prepared as of 2026-09-17; full inventory confirms absence; lender sweep (DFC, US EXIM): nothing; CORRECTION: ĐTM was approved by MONRE in 2022 (verified: https://www.sggp.org.vn/hai-du-an-dien-khi-43-ty-usd-o-binh-thuan-bay-gio-ra-sao-post790177.html), not ""not yet prepared""; pre-portal, not online"
pipeline,pre-construction,L100000405434,Bac Lieu Project power station,,LNG Hoa Binh,Bạc Liêu,pre-construction x4,3200,0,combined cycle,GE Power: 9HA.02,fossil gas: LNG,Bac Lieu LNG Power Co Ltd [100%],2030,9.3057810,105.7205160,,,not-found,,,,,,,portal; provincial portal; news,2026-09-18,"portal: no entry (full inventory); ĐTM approval reported as QĐ 1715/QĐ-BTNMT, Sep 2021 (baobaclieu.vn article, page not retrievable - unverified); pre-portal, not online; still investment-prep per Jun 2026 inspection"
pipeline,pre-construction,L100000104310,Vung Ang power station,,,Hà Tĩnh,pre-construction x1,1500,0,unknown,,fossil gas: LNG,Korea Electric Power Corp; Siemens Energy AG; Power Engineering Consulting 2 JSC,2035,18.0979200,106.3812300,,,no-document-expected,,,,,,,portal; provincial portal; news,2026-09-18,"portal: no plant ĐTM (full inventory); only the Vũng Áng LNG terminal ĐTM (PV GAS), id 6318, Jun 2026; press: Vũng Áng III LNG to PV Power + Lilama + B.Grimm, 9 Jun 2026 (tracker lead); Vũng Áng III LNG investment policy approved 9 Jun 2026 (hatinh.gov.vn); plant ĐTM not yet consulted"
pipeline,pre-construction,L100000104328,Quang Trach Power Center,,,Quảng Bình,pre-construction x2,3000,0,unknown,GE Vernova: 9HA.02,fossil gas: LNG,Vietnam Electricity LLC [100%],2030; 2035,17.9504000,106.5042500,MAE (ministry),,found-values,"ĐTM: QT II (Mar, May 2025), QT III (Dec 2025)","thamvan.mae.gov.vn ids 4786, 4954, 6086",,B+C+stack+hours,design-hours,"NOx, CO, PM, SO2 (QT II only)",portal,2026-09-18,approved QT II differs from the posted draft
pipeline,pre-construction,L100000405979,Quang Ninh Combined Cycle power station,,Quang Ninh 2,Quảng Ninh,pre-construction x1,1500,0,combined cycle,not found,fossil gas: LNG,Quang Ninh LNG Power JSC [100%],2027,21.0045450,107.3551100,,,not-found,,,,,,,portal; provincial portal; news,2026-09-18,portal: no entry (full inventory; id 2767 is the coal plant); ĐTM appraisal approved per baoquangninh.vn (verified: https://baoquangninh.vn/tang-toc-du-an-nha-may-dien-khi-lng-quang-ninh-3350644.html; decision date not given); not on portal
pipeline,pre-construction,L100000405976,Hai Lang power station,,,Quảng Trị,pre-construction x1; cancelled x1,1500,0,combined cycle,not found,fossil gas: LNG,T&T Group JSC [40%]; Korea Gas Corp [20%]; Korea Southern Power Co Ltd [20%]; Hanwha Energy Corp [20%],2029,16.9944290,107.1153610,MAE (ministry),,found-values,"ĐTM, posted 2024-01-04",thamvan.mae.gov.vn id 1440,,B+C+stack+hours,design-hours,"NOx, CO",portal,2026-09-18,rate and concentration disagree (reviewer comment)
pipeline,pre-construction,L100000104344,Cong Thanh power station,,,Thanh Hóa,pre-construction x2,4500,0,unknown,not found,fossil gas: LNG,Cong Thanh Thermal Power JSC,2031,19.3580000,105.7790000,,,not-found,,,,,,,portal; provincial portal; news,2026-09-18,portal: no entry (full inventory); only the superseded coal-phase ĐTM exists; no LNG-phase ĐTM found
pipeline,pre-construction,L100000407815,LNG Nghi Son power station,,LNG Thanh Hoa,Thanh Hóa,pre-construction x2; cancelled x4,1500,0,combined cycle,,fossil gas: LNG,JERA Co Inc [100%],2031,19.4377930,105.7680910,,,no-document-expected,,,,,,,portal; provincial portal; news,2026-09-18,"portal: no entry (full inventory); press: tenders cancelled, no investor as of May 2026 (tracker lead); no investor after three bidding rounds (latest Apr 2026); JERA interest Sep 2026 (theinvestor.vn)"
pipeline,announced,L100000405440,Long Son power station,,,Bà Rịa - Vũng Tàu,announced x2; cancelled x4,1500,0,combined cycle,,fossil gas: LNG,Power Generation 3 JSC [100%],2030,10.4527330,107.0893800,MAE (ministry),,not-found,,,,,,,portal; web search,2026-09-18,"feasibility stage, no ĐTM yet; full inventory confirms absence"
pipeline,announced,L100000405977,Ka Ga power station,,Mui Ke Ga power station,Bình Thuận,announced x1,3600,0,unknown,,fossil gas: LNG,ECV Holdings LLC; B.Grimm Power PCL; Siemens Energy AG,,10.7031310,107.9891600,,,no-document-expected,,,,,,,portal; news,2026-09-18,portal: no entry (full inventory); announced; still at PDP8-inclusion stage
pipeline,announced,L100000405435,Ca Mau power station,,,Cà Mau,operating x2; announced x1,1500,1500,combined cycle,,"fossil gas: natural gas, fossil liquids: fuel oil; fossil gas: LNG",Vietnam Oil and Gas Group Co [100%],2008; 2031,9.2420000,105.0600000,MAE (ministry),,found-values,"GPMT report Ca Mau 1&2, posted 2025-09-18 (main + 5 annexes; annex 1 holds the Jan 2004 CM1 DTM)",thamvan.mae.gov.vn id 5894,,"C + stack (2004 design, CM1); CEMS on 6 stacks, values not published",rate-only + real fuel (2024 gas use),"NOx, CO, dust (gas); + SO2 (DO)",portal; PV Power annual report 2024,2026-09-18,"no periodic stack tests; CEMS data held by Ca Mau dept + ministry (exists, not public); company asks for no air-emissions permit; findings/vietnam_gpmt_pilot_20260918.md; Ca Mau 3 (announced): no entry in full inventory"
pipeline,announced,L100000104322,Long An power station,,"Can Duoc power station, Can Duoc-1 power station (Phase I Unit 1, Phase I Unit 2), Can Duoc-2 power station (Phase II Unit 1, Phase II Unit 2)",Long An,announced x2,3000,0,unknown,,fossil gas: LNG,VinaCapital Group Ltd [100%],2029; 2035,10.5716000,106.7340600,,,,,,,,,,portal; news,2026-09-18,"portal: no entry (full inventory); announced; news reports ĐTM approved ~May 2025 (baolongan.vn, unverified - term not found in page text); check before closing"
pipeline,announced,L100000104323,Nam Dinh power station,,Hai Hau power station,Nam Định,announced x4,2400,0,unknown,,fossil gas: LNG,Taekwang Vina Industry JSC [100%],,20.1012000,106.2135500,,,no-document-expected,,,,,,,portal; news,2026-09-18,portal: no entry (full inventory); announced; only a 2018 ĐTM for the superseded coal design; LNG pivot has none
pipeline,announced,L100000405441,Mien Trung power station,Nhà máy điện Miền Trung,"Central Region I (Unit 1), Central Region II (Unit 2)",Quảng Nam,announced x2,1500,0,combined cycle,,fossil gas: natural gas,Vietnam Oil and Gas Group Co [100%],2030,15.4404680,108.6183720,,,no-document-expected,,,,,,,portal; news,2026-09-18,portal: no entry (full inventory); announced; stalled at feasibility stage (ieem.vn)
pipeline,announced,L100000104330,Dung Quat power station,,,Quảng Ngãi,announced x3,2250,0,combined cycle,,fossil gas: natural gas,Vietnam Electricity LLC [100%]; Sembcorp Utilities Pte Ltd [100%],2030,15.3330000,108.6670000,,,no-document-expected,,,,,,,portal; news,2026-09-18,portal: no entry (full inventory); announced; pre-feasibility; Blue Whale gas delays
pipeline,announced,L100000405450,Quang Tri Combined Cycle power station,Nhà máy Nhiệt điện khí Quảng Trị,,Quảng Trị,announced x1,340,0,combined cycle,,fossil gas: natural gas,Vietnam Oil and Gas Group Co,2030,16.7775350,107.3279110,,,,,,,,,,portal; news,2026-09-18,portal: no entry (full inventory); announced; news check inconclusive (subagent confused it with Quảng Trạch III); redo
pipeline,announced,L100000405974,Chan May power station,,Chan May-Lang,Thừa Thiên-Huế,announced x1,1500,0,unknown,,fossil gas: LNG,Chan May LNG JSC [100%],2035,16.3310910,108.0220090,,,no-document-expected,,,,,,,portal; news,2026-09-18,portal: no entry (full inventory); announced; no substantive news since 2020-22
operating,operating,L100000405433,Ba Ria power station,,,Bà Rịa - Vũng Tàu,operating x1; cancelled - inferred 4 y x1,0,389,combined cycle; unknown,,fossil gas: natural gas; fossil gas: LNG,Power Generation 3 JSC [100%],1999,10.4890190,107.1664680,MAE (ministry),,found-values,"GPMT report (scanned), posted 2025-07-22",thamvan.mae.gov.vn id 5807,,"C + flow, stack tests GT3-8 June 2024 + GT7 Dec 2024",measured (one campaign); annual = rate-only + real generation,"NOx, CO, dust; SO2 below detection",portal,2026-09-18,plant proposes no further stack tests and no CEMS; 10 units GT1-8 + ST9-10 vs GEM operating x1 / cancelled x1 (tracker lead); findings/vietnam_gpmt_pilot_20260918.md
operating,operating,L100000405445,Phu My 1 Thermal power station,Nhà Máy Nhiệt Điện Phú Mỹ 1,,Bà Rịa - Vũng Tàu,operating x1,0,1118,combined cycle,,fossil gas: natural gas,Power Generation 3 JSC [100%],2000,10.6056050,107.0345110,,,,,,,,,,portal,2026-09-18,portal: no GPMT or ĐTM (full inventory); World Bank PAD design values in hand
operating,operating,L100000405446,Phu My 2.1 Thermal power station,Nhà Máy Nhiệt Điện Phú Mỹ 2,,Bà Rịa - Vũng Tàu,operating x2,0,946,combined cycle,,fossil gas: natural gas,Power Generation 3 JSC [100%],2003; 2007,10.6041000,107.0400000,,,,,,,,,,portal,2026-09-18,portal: no GPMT or ĐTM (full inventory); World Bank PAD design values in hand
operating,operating,L100000405447,Phu My 2.2 Thermal power station,Nhà Máy Nhiệt Điện Phú Mỹ 2.2,,Bà Rịa - Vũng Tàu,operating x1,0,733,combined cycle,,fossil gas: natural gas,Vietnam Electricity LLC [100%],2005,10.6030000,107.0400000,,,,,,,,,,portal,2026-09-18,portal: no GPMT or ĐTM (full inventory); World Bank EIA + PAD design values in hand
operating,operating,L100000405448,Phu My 3 Thermal power station,Nhà Máy Nhiệt Điện Phú Mỹ 3,,Bà Rịa - Vũng Tàu,operating x1,0,733,combined cycle,,fossil gas: natural gas,Vietnam Electricity LLC [100%],2004,10.5975000,107.0352000,,,,,,,,,,portal,2026-09-18,portal: no GPMT or ĐTM (full inventory); World Bank PAD design values in hand
operating,operating,L100000405449,Phu My 4 Thermal power station,Nhà Máy Nhiệt Điện Phú Mỹ 4,,Bà Rịa - Vũng Tàu,operating x1,0,477,combined cycle,,fossil gas: natural gas,Power Generation 3 JSC [100%],2004,10.6040000,107.0370000,,,,,,,,,,portal,2026-09-18,portal: no GPMT or ĐTM (full inventory); World Bank PAD design values in hand
operating,operating,L100000405443,Nhon Trach power station,Điện lực Dầu khí Nhơn Trạch,,Đồng Nai,operating x4,0,2839,combined cycle,GE Power: 9HA.02,fossil gas: natural gas; fossil gas: LNG,PetroVietnam Power Corporation JSC [100%],2009; 2011; 2025,10.6428000,106.8400000,MAE (ministry),,found-values,"GPMT reports: NT2 Dec 2024 (measured), NT3&4 Feb 2024 (stack only); NT3&4 lender ESIA (Fichtner, Mar 2024, via SERV)","thamvan.mae.gov.vn ids 4530, 2462; serv-ch.com ESIA_Nhon_Trach_3_and_Nhon_Trach_4_Power_Plant.pdf",yes (NT3&4: 2 x 812 MW 9HA.02),measured concentration + flow (NT2); B+C+stack+hours (NT3&4),measured (NT2); design-hours (NT3&4),"NOx, CO, SO2, total dust (NT2); NOx, SO2, TSP, PM10/PM2.5 derived (NT3&4)",portal; SERV; SACE; K-SURE; NT2 annual report 2024,2026-09-18,NT3&4 ESIA: findings/vietnam_nhon_trach_34_esia_20260918.md; NT1 not searched; full inventory: no NT1 entry; NT2 2024 NOx ~300-340 t (tests x reported CO2 / gas use; the reported flue volume fails the carbon check): findings/vietnam_gpmt_pilot_20260918.md
inactive,cancelled,L100000407153,Phu My 3.1 Thermal power station,,,Bà Rịa - Vũng Tàu,cancelled x1,0,0,combined cycle,,fossil gas: LNG,Phu My 3 BOT Power Co Ltd [100%],,10.5976210,107.0321640,,,,,,,,,,,,
inactive,cancelled,L100000406355,Nhon Hoi Refinery power station,,,Bình Định,cancelled x1,0,0,combined cycle,,fossil gas: natural gas,KST Energy Development JV [100%],,13.8383660,109.2713380,,,,,,,,,,,,
inactive,cancelled,L100000104309,Ha Tinh Formosa Plastics Steel Complex power station,,Formosa Ha Tinh,Hà Tĩnh,cancelled x1,0,0,unknown,,fossil gas: natural gas,Formosa Ha Tinh Steel Corp [100%],,18.0288300,106.4455500,,,,,,,,,,,,
inactive,cancelled,L100000405973,Cai Trap Island power station,,Hai Phong 2,Hải Phòng,cancelled x2,0,0,combined cycle,,fossil gas: LNG,,,20.8144590,106.9179770,,,,,,,,,,,,
inactive,cancelled,L100000405981,Tien Lang power station,,Hai Phong 1,Hải Phòng,cancelled x6,0,0,combined cycle,,fossil gas: LNG,Exxon Mobil Corp [100%],,20.7415650,106.5682590,,,,,,,,,,,,
inactive,cancelled,L100000405975,Embark-Quantum power station,,,Khánh Hòa,cancelled x1,0,0,unknown,,fossil gas: LNG,Embark United Co Ltd; Quantum Corp,,12.4929140,109.3000920,,,,,,,,,,,,
inactive,cancelled,L100000405982,Van Phong Combined Cycle power station,,,Khánh Hòa,cancelled x2,0,0,combined cycle,,fossil gas: LNG,Electric Power Development Co Ltd [100%],,12.5055460,109.2463560,,,,,,,,,,,,
inactive,cancelled,L100000405438,Kien Giang power station,Nhà máy điện Kiên Giang I,,Kiến Giang,cancelled x2,0,0,combined cycle,,fossil gas: LNG,Vietnam Oil and Gas Group Co [100%],,9.8555270,105.1040850,,,,,,,,,,,,
inactive,cancelled,L100000407814,Thanh Hoa Power Station,,,Thanh Hóa,cancelled x6,0,0,combined cycle,,fossil gas: LNG,,,19.7799620,105.7443630,,,,,,,,,,,,
inactive,cancelled,L100000104346,Tan Phuoc power station,,,Tiền Giang,cancelled x4,0,0,combined cycle,,fossil gas: LNG,Vietnam Electricity LLC [100%],,10.4480000,106.7090000,,,,,,,,,,,,
inactive,cancelled,L100000405442,My Giang power station,,,Đắk Lắk,cancelled x4,0,0,combined cycle,,fossil gas: natural gas,Vietnam Electricity LLC [100%],,12.3194860,108.5086700,,,,,,,,,,,,
inactive,cancelled - inferred 4 y,L100000405972,Cai Mep Ha power station,,,Bà Rịa - Vũng Tàu,cancelled - inferred 4 y x1,0,0,unknown,,fossil gas: LNG,T&T Group JSC; Gen X Energy LLC,,10.5542770,107.0158670,,,,,,,,,,,,
inactive,cancelled - inferred 4 y,L100000405978,Millenium power station,,South Von Phong LNG-to-power,Khánh Hòa,cancelled - inferred 4 y x2,0,0,combined cycle,,fossil gas: LNG,Millennium Energy Vietnam Co Ltd [100%],,12.5893170,109.2283950,,,,,,,,,,,,
inactive,cancelled - inferred 4 y,L100000406351,One Asia Quang Tri power station,,,Quảng Trị,cancelled - inferred 4 y x1,0,0,unknown,,fossil gas: natural gas,One Asia Development Thailand [100%],,16.7372837,106.9648961,,,,,,,,,,,,
