id,list,title,location,owner,posted,state,matched,consult_type,consultant,owner_detail,owner_address,site,status_code,deadline,opinion_date,files,retrieved
6359,DTM,"Dự án: “Nhà máy điện mặt trời nổi trên hồ thủy điện Đồng Nai 2""","Các xã: Đinh Trang Thượng, Di Linh, Bảo Thuận, Gia Hiệp, Phúc Thọ Lâm Hà và Tân Hà Lâm Hà, tỉnh Lâm Đồng",Công ty Cổ phần thủy điện Trung Nam,31-07-2026,Hết hạn,nhà máy điện,2,Công ty TNHH Tư vấn và chuyển giao công nghệ môi trường Thăng Long,Công ty Cổ phần thủy điện Trung Nam,"thôn 2, xã Đinh Trang Thượng, tỉnh Lâm Đồng","Các xã: Đinh Trang Thượng, Di Linh, Bảo Thuận, Gia Hiệp, Phúc Thọ Lâm Hà và Tân Hà Lâm Hà, tỉnh Lâm Đồng",30,,2026-07-30,https://thamvan.mae.gov.vn/Uploads/31072026/VU1. Báo cáo GPMT điện mặt trời nổi.pdf | https://thamvan.mae.gov.vn/Uploads/31072026/Phụ lục VIa.pdf,2026-09-18
6334,DTM,Dự án: “Nhà máy điện mặt trời Điện Biên 1”,"xã Na Son, Mường Lạn, Pu Nhi, Xa Dung, Mường Ảng và phường Điện Biên Phủ, tỉnh Điện Biên",Công ty cổ phần năng lượng Vinenergo,29-06-2026,Hết hạn,nhà máy điện,2,Trung tâm thuỷ khí và môi trường, Công ty cổ phần năng lượng Vinenergo,"Tòa văn phòng Symphony, đường Chu Huy Mân, Khu đô thị Vinhomes riverside, phường Phúc Lợi, thành phố Hà Nội","xã Na Son, Mường Lạn, Pu Nhi, Xa Dung, Mường Ảng và phường Điện Biên Phủ, tỉnh Điện Biên",30,,2026-06-28,https://thamvan.mae.gov.vn/Uploads/29062026/TPBáo cáo ĐTM Nhà máy ĐMT Điện Biên.pdf | https://thamvan.mae.gov.vn/Uploads/29062026/Nội dung tham vấn ĐTM Điện Biên.pdf,2026-09-18
6318,DTM,"Dự án: ""Kho LNG Bắc Trung Bộ (Kho LNG Vũng Áng)""","phường Hoành Sơn, tỉnh Hà Tĩnh.",Tổng Công ty khí Việt Nam - CTCP (PV GAS),15-06-2026,Hết hạn,lng,2,Liên danh Công ty cổ phần đầu tư xây dựng và an toàn môi trường CEC và Công ty Cổ phần Tư vấn Xây dựng Công trình Thủy,Tổng Công ty khí Việt Nam - CTCP (PV GAS),"Toà nhà PV Gas Tower, số 673 đường Nguyễn Hữu Thọ, xã Nhà Bè, thành phố Hồ Chí Minh","phường Hoành Sơn, tỉnh Hà Tĩnh.",30,,2026-06-14,https://thamvan.mae.gov.vn/Uploads/15062026/K22. Báo cáo tham vấn ĐTM kho LNG.pdf | https://thamvan.mae.gov.vn/Uploads/15062026/1. Công văn và nội dung tham vấn ĐTM kho LNG.pdf,2026-09-18
6315,DTM,"Dự án: ""Nhà máy nhiệt điện LNG Cà Ná""","xã Cà Ná, tỉnh Khánh Hòa",Liên danh Trung Nam - Sideros River,08-06-2026,Hết hạn,lng; nhiệt điện,2,Công ty TNHH Tư vấn và chuyển giao công nghệ môi trường Thăng Long,Liên danh Trung Nam - Sideros River," 7A/68 Thành Thái, phường Diên Hồng, thành phố Hồ Chí Minh","xã Cà Ná, tỉnh Khánh Hòa",30,,2026-06-07,https://thamvan.mae.gov.vn/Uploads/08062026/L5Bao cao ĐTM nhà máy nhiệt điện LNG Cà Ná tham vấn.pdf | https://thamvan.mae.gov.vn/Uploads/08062026/phụ lục VIa.pdf,2026-09-18
6255,DTM,"Dự án: ""Nhà máy điện mặt trời Điện Biên 1""","phường Điện Biên Phủ và các xã Na Son, Mường Lạn, Pú Nhi, tỉnh Điện Biên",Công ty Cổ phần Năng lượng Vinenergo,23-04-2026,Hết hạn,nhà máy điện,2,, Công ty Cổ phần Năng lượng Vinenergo,"Tòa văn phòng Symphony, đường Chu Huy Mân, Khu đô thị Vinhomes riverside, phường Phúc Lợi, thành phố Hà Nội","phường Điện Biên Phủ và các xã Na Son, Mường Lạn, Pú Nhi, tỉnh Điện Biên",30,,2026-04-22,https://thamvan.mae.gov.vn/Uploads/23042026/8LBC ĐTM NHÀ MÁY ĐIỆN MẶT TRỜI ĐIỆN BIÊN 1.pdf | https://thamvan.mae.gov.vn/Uploads/23042026/NỘI DUNG THAM VẤN.pdf,2026-09-18
6234,DTM,"Dự án: ""Nhà máy điện mặt trời nổi KN Srêpốk 3, công suất 304 MW""",xã Ea Nuôl và xã Ea Wer tỉnh Đắk Lắk,Công ty Cổ phần Điện mặt trời Srepok 3,07-04-2026,Hết hạn,nhà máy điện,2,Hội Nước và Môi trường TP Hồ Chí Minh,Công ty Cổ phần Điện mặt trời Srepok 3,"Số 19 Trần Hữu Trang, phường Buôn Ma Thuột, tỉnh Đắk Lắk.",xã Ea Nuôl và xã Ea Wer tỉnh Đắk Lắk,30,,2026-04-06,https://thamvan.mae.gov.vn/Uploads/07042026/W43. báo cáo dtm du an Srepok.pdf | https://thamvan.mae.gov.vn/Uploads/07042026/2. ND Tham van- VIa.pdf,2026-09-18
6217,DTM,"Dự án: ""Nhà máy điện mặt trời Bản Chát 2""","xã Mường Kim, xã Than Uyên tỉnh Lai Châu.",Công ty cổ phần Vinenergo JSC.,02-04-2026,Hết hạn,nhà máy điện,2,Trung tâm thủy khí và môi trường,Công ty cổ phần Vinenergo JSC.,"Tòa văn phòng Symphony, đường Chu Huy Mân, Khu đô thị Vinhomes riverside, phường Phúc Lợi,, thành phố Hà Nội","xã Mường Kim, xã Than Uyên tỉnh Lai Châu.",30,,2026-04-01,https://thamvan.mae.gov.vn/Uploads/02042026/X9ĐTM BẢN CHÁT 2.pdf | https://thamvan.mae.gov.vn/Uploads/02042026/Nội dung tham vấn trong quá trình thực hiện đánh giá tác động môi trường của dự án Nhà máy điện mặt trời Bản Chát 2.pdf,2026-09-18
6218,DTM,"Dự án: “Nhà máy điện mặt trời Bản Chát 1""","xã Mường Than, xã Than Uyên và xã Mường Kim, tỉnh Lai Châu",Công ty cổ phần Vinenergo JSC,02-04-2026,Hết hạn,nhà máy điện,2,Trung tâm thủy khí và môi trường,Công ty cổ phần Vinenergo JSC,"Tòa văn phòng Symphony, đường Chu Huy Mân, Khu đô thị Vinhomes riverside, phường Phúc Lợi,, thành phố Hà Nội"," xã Mường Than, xã Than Uyên và xã Mường Kim, tỉnh Lai Châu",30,,2026-04-01,https://thamvan.mae.gov.vn/Uploads/02042026/WODTM Bản chát 1.pdf | https://thamvan.mae.gov.vn/Uploads/02042026/Nội dung tham vấn trong quá trình thực hiện đánh giá tác động môi trường của dự án Nhà máy điện mặt trời Bản Chát 1.pdf,2026-09-18
6219,DTM,"Dự án: ""Nhà máy điện mặt trời KN IaLy- Gia Lai, công suất 400 MW""","xã Ia Ly, tỉnh Gia Lai",Công ty Cổ phần Điện mặt trời Ia Ly- Gia Lai,02-04-2026,Hết hạn,nhà máy điện,2, Hội Nước và Môi trường Thành phố Hồ Chí Minh,Công ty Cổ phần Điện mặt trời Ia Ly- Gia Lai,"257 Nguyễn Viết Xuân, phường Hội Phú, tỉnh Gia Lai","xã Ia Ly, tỉnh Gia Lai",30,,2026-04-01,https://thamvan.mae.gov.vn/Uploads/02042026/ZUGL- 3. scan - bao cao DTM.pdf | https://thamvan.mae.gov.vn/Uploads/02042026/GL- 2. scan Noi dung tham van .pdf,2026-09-18
6195,DTM,Dự án: “Đầu tư xây dựng và kinh doanh kết cấu hạ tầng khu công nghiệp Hòa Ninh (Phú Mỹ 3 Đà Nẵng IP)”,"xã Bà Nà, thành phố Đà Nẵng",Công ty Cổ phần Thanh Bình Phú Mỹ,20-03-2026,Hết hạn,phú mỹ,2,Công ty Cổ phần tư vấn Nam Khang,Công ty Cổ phần Thanh Bình Phú Mỹ,"phường Tân Phước, thành phố Hồ Chí Minh","xã Bà Nà, thành phố Đà Nẵng",30,,2026-03-19,https://thamvan.mae.gov.vn/Uploads/21032026/J41. Bao cao DTM.pdf | https://thamvan.mae.gov.vn/Uploads/21032026/2. Noi dung tham van.pdf,2026-09-18
6109,DTM,"Dự án: ""Nhà máy điện rác Định Quán - giai đoạn 1""","Ấp suối Dzui, xã La Ngà, tỉnh Đồng Nai",Công ty Cổ phần năng lượng Môi trường Đồng Nai,16-01-2026,Hết hạn,nhà máy điện,2,Công ty Cổ phần phát triển công nghệ môi trường thế kỷ ,Công ty Cổ phần năng lượng Môi trường Đồng Nai,"Ấp suối Dzui, xã La Ngà, tỉnh Đồng Nai","Ấp suối Dzui, xã La Ngà, tỉnh Đồng Nai",30,,2026-01-15,https://thamvan.mae.gov.vn/Uploads/16012026/WKDTM - ĐR ĐỒNG NAI (1).pdf | https://thamvan.mae.gov.vn/Uploads/16012026/[Điện rác Đồng Nai] - Nội dung tham vấn trong quá trình thực hiện ĐTM dự án (1).pdf,2026-09-18
6074,DTM,"Dự án: ""Mở rộng, nâng công suất kho chứa LNG 1 triệu tấn/năm tại Thị Vải lên 3 triệu tấn/năm""","Kho cảng PV GAS Vũng Tàu hiện hữu, khu công nghiệp Cái Mép (phường Tân Phước, Thành phố Hồ Chí Minh)",Tổng Công ty khí Việt Nam – CTCP (PV GAS).,23-12-2025,Hết hạn,lng,2,Viện Dầu khí Việt Nam,Tổng Công ty khí Việt Nam – CTCP (PV GAS).,"Tầng 12, 12A, 14 và 15, tòa nhà PV GAS Tower, 673 Nguyễn Hữu Thọ, xã Nhà Bè, thành phố Hồ Chí Minh","Kho cảng PV GAS Vũng Tàu hiện hữu, khu công nghiệp Cái Mép (phường Tân Phước, Thành phố Hồ Chí Minh)",30,,2025-12-22,https://thamvan.mae.gov.vn/Uploads/24122025/9HDTM Nang cap kho LNG 1MMTPA tại Thị Vải lên 3MMTPA_nen.pdf | https://thamvan.mae.gov.vn/Uploads/24122025/Noi dung tham van DTM LNG 3 trieu tan.pdf,2026-09-18
6086,DTM,"Dự án: “Nhà máy nhiệt điện LNG Quảng Trạch III""","thuộc quy hoạch phân khu 1 của Khu kinh tế Hòn La, xã Phú Trạch, tỉnh Quảng Trị",Ban Quản lý dự án Điện 2,15-12-2025,Hết hạn,lng; nhiệt điện,2,Công ty cổ phần Tư vấn Xây dựng Điện 2,Ban Quản lý dự án Điện 2,"Số 11 Cửa Bắc, phường Ba Đình, thành phố Hà Nội","thuộc quy hoạch phân khu 1 của Khu kinh tế Hòn La, xã Phú Trạch, tỉnh Quảng Trị",30,,2025-12-14,https://thamvan.mae.gov.vn/Uploads/30122025/IZ8O[LNG-QT3] BaoCao_DTM_LNG_QT3_Full-2025.12.pdf | https://thamvan.mae.gov.vn/Uploads/30122025/[LNG-QT3] Noi dung tham van DTM.pdf,2026-09-18
6043,DTM,"Dự án: ""Nhà máy điện rác Khánh Hòa""","xã Suối Dầu, tỉnh Khánh Hòa",Công ty Cổ phần Thành phố mới KH,10-12-2025,Hết hạn,nhà máy điện,2,Công ty Cổ phần Tư vấn xây dựng Điện 4,Công ty Cổ phần Thành phố mới KH,"Số 134 - Điện Biên Phủ, phường Bắc Nha Trang, tỉnh Khánh Hòa","xã Suối Dầu, tỉnh Khánh Hòa",30,,2025-12-09,https://thamvan.mae.gov.vn/Uploads/10122025/9GBc DTM NMDR Khanh Hoa.pdf | https://thamvan.mae.gov.vn/Uploads/10122025/Nội dung tham vấn trong quá trình thực hiện đánh giá tác động môi trường dự án NM điện rác Khánh Hòa.pdf,2026-09-18
5944,DTM,"Dự án: ""Nhà máy điện rác Nghệ An""","Xã Hải Lộc, tỉnh Nghệ An",Công ty Cổ phần Galax,17-10-2025,Hết hạn,nhà máy điện,2,Công ty Cổ phần Phát triển Công nghệ môi Trường Thế Kỷ,Công ty Cổ phần Galax,"Xóm 4, xã Nghi Yên, huyện Nghi Lộc, tỉnh Nghệ An (nay là Xóm 4, xã Hải Lộc, tỉnh Nghệ An)","Xã Hải Lộc, tỉnh Nghệ An",30,,2025-10-16,https://thamvan.mae.gov.vn/Uploads/17102025/HN1. ĐTM Nhà máy điện rác Nghệ An.pdf | https://thamvan.mae.gov.vn/Uploads/17102025/2. ĐTM Tóm tắt.pdf,2026-09-18
5918,DTM,Dự án: “Đầu tư xây dựng và kinh doanh hạ tầng KCN Vĩnh Thạnh (giai đoạn 2) (Phú Mỹ 3 Cần Thơ IP)”,"xã Vĩnh Trinh và xã Vĩnh Bình, huyện Vĩnh Thạnh, thành phố Cần Thơ (nay là xã Vĩnh Trinh, thành phố Cần Thơ)",Công ty Cổ phần Thanh Bình Phú Mỹ,02-10-2025,Hết hạn,phú mỹ,2,Công ty Cổ phần Tư vấn Nam Khang,Công ty Cổ phần Thanh Bình Phú Mỹ,"Khu công nghiệp chuyên sâu Phú Mỹ 3, Phường Phước Hòa, Thị Xã Phú Mỹ, Tỉnh Bà Rịa – Vũng Tàu (nay là phường Tân Phước, thành phố Hồ Chí Minh)","xã Vĩnh Trinh và xã Vĩnh Bình, huyện Vĩnh Thạnh, thành phố Cần Thơ (nay là xã Vĩnh Trinh, thành phố Cần Thơ)",30,,2025-10-01,https://thamvan.mae.gov.vn/Uploads/02102025/L3File scan DTM KCN Vinh Thanh 2_full phu luc.pdf | https://thamvan.mae.gov.vn/Uploads/02102025/File scan BC tom tat KCN VT.pdf,2026-09-18
5875,DTM,"Dự án: “Nhà máy điện mặt trời Dầu Tiếng 5""","Khu đất bán ngập hồ Dầu Tiếng thuộc xã Dương Minh Châu, tỉnh Tây Ninh (trước đây là khu đất bán ngập hồ Dầu Tiếng, xã Suối Đá, huyện Dương Minh Châu, tỉnh Tây Ninh)",Công ty Cổ phần Năng lượng DT5.1,11-09-2025,Hết hạn,nhà máy điện,2,Viện Năng Lượng,Công ty Cổ phần Năng lượng DT5.1,"Áp Phước Lợi 2, xã Dương Minh Châu, tỉnh Tây Ninh, Việt Nam","Khu đất bán ngập hồ Dầu Tiếng thuộc xã Dương Minh Châu, tỉnh Tây Ninh (trước đây là khu đất bán ngập hồ Dầu Tiếng, xã Suối Đá, huyện Dương Minh Châu, tỉnh Tây Ninh)",30,,2025-09-10,https://thamvan.mae.gov.vn/Uploads/11092025/KBBÁO CÁO ĐÁNH GIÁ.pdf | https://thamvan.mae.gov.vn/Uploads/11092025/NỘI DUNG THAM VẤN.pdf,2026-09-18
5860,DTM,"Dự án thành phần 1: Di dân tái định cư, giải phóng mặt bằng dự án nhà máy điện hạt nhân Ninh Thuận 1.","Xã Phước Dinh, tỉnh Khánh Hòa.",Ban Quản lý dự án Đầu tư xây dựng tỉnh Khánh Hòa.,28-08-2025,Hết hạn,nhà máy điện,2,Công ty TNHH MTV Công nghệ Môi trường Nguyễn Lê Gia.,Ban Quản lý dự án Đầu tư xây dựng tỉnh Khánh Hòa.,"Số 59, đường 16 tháng 4, phường Phan Rang, tỉnh Khánh Hòa.","Xã Phước Dinh, tỉnh Khánh Hòa.",30,,2025-08-27,https://thamvan.mae.gov.vn/Uploads/28082025/V228.8. BC DTM DA TDC NM DIEN NINH THUAN 1.pdf | https://thamvan.mae.gov.vn/Uploads/28082025/28.8. NDTV DA TDC NM DIEN NINH THUAN 1.pdf,2026-09-18
5824,DTM,Dự án: Nhà máy nhiệt điện LNG Hải Phòng.,"Xã Kiến Hưng, thành phố Hải Phòng.",Liên danh: Vingroup – Công ty cổ phần và Công ty Cổ phần năng lượng Vinenergo.,08-08-2025,Hết hạn,lng; nhiệt điện,2,Công ty Cổ phần Tư vấn Xây dựng Điện 1.,Liên danh: Vingroup – Công ty cổ phần và Công ty Cổ phần năng lượng Vinenergo.,"Tòa Văn phòng Symphony, đường Chu Huy Mân, khu đô thị Vinhomes Riverside, phường Phúc Lợi, thành phố Hà Nội.","Xã Kiến Hưng, thành phố Hải Phòng.",30,,2025-08-07,https://thamvan.mae.gov.vn/Uploads/08082025/UJ08.8. BC DTM DA NM NHIET DIEN LNG HP.pdf | https://thamvan.mae.gov.vn/Uploads/08082025/08.8. DNTV DA NM NHIET DIEN LNG HP.pdf,2026-09-18
4985,DTM,Dự án: Nhà máy Nhiệt điện LNG Thái Bình.,"Xã Thái Đô, huyện Thái Thụy, tỉnh Thái Bình.",Công ty Cổ phần Điện khí LNG Thái Bình.,06-06-2025,Hết hạn,lng; nhiệt điện,2,Viện Năng lượng (IE) – Bộ Công Thương.,Công ty Cổ phần Điện khí LNG Thái Bình.,"Thôn Tân Tiến, xã Thái Đô, huyện Thái Thụy, tỉnh Thái Bình.","Xã Thái Đô, huyện Thái Thụy, tỉnh Thái Bình.",30,,2025-06-05,https://thamvan.mae.gov.vn/Uploads/06062025/TL06.06. BC DTM DA NM NHIET DIEN LNG THAI BINH.pdf | https://thamvan.mae.gov.vn/Uploads/06062025/06.06. NDTV DA NM NHIET DIEN LNG THAI BINH.pdf,2026-09-18
4954,DTM,Dự án: Nhà máy nhiệt điện LNG Quảng Trạch II.,"Trung tâm điện lực Quảng Trạch, thôn Vĩnh Sơn, xã Quảng Đông, huyện Quảng Trạch, thuộc Khu kinh tế Hòn La, tỉnh Quảng Bình.","Ban Quản lý Dự án Điện 2 (EVNPMB2), Tập đoàn điện lực Việt Nam.",21-05-2025,Hết hạn,lng; nhiệt điện,2,Công ty cổ phần Tư vấn xây dựng điện 3 (PECC3).,"Ban Quản lý Dự án Điện 2 (EVNPMB2), Tập đoàn điện lực Việt Nam.","Số 11, phố Cửa Bắc, phường Trúc Bạch, quận Ba Đình, thành phố Hà Nội.","Trung tâm điện lực Quảng Trạch, thôn Vĩnh Sơn, xã Quảng Đông, huyện Quảng Trạch, thuộc Khu kinh tế Hòn La, tỉnh Quảng Bình.",30,,2025-05-20,https://thamvan.mae.gov.vn/Uploads/23052025/RA21.5.. BC DTM NM NHIET DIEN LNG QUANG TRACH II.pdf | https://thamvan.mae.gov.vn/Uploads/23052025/21.5.. NOI DUNG THAM VAN DA NM NHIET DIEN QUANG TRACH II.pdf,2026-09-18
4937,DTM,Dự án: Nhà máy điện tử BYD Việt Nam.,"Lô CN-2A, Khu công nghiệp Phú Hà, xã Hà Lộc, thị xã Phú Thọ, tỉnh Phú Thọ.",Công ty TNHH Điện tử BYD (Việt Nam).,16-05-2025,Hết hạn,nhà máy điện,2,Công ty TNHH Môi trường Quang Minh.,Công ty TNHH Điện tử BYD (Việt Nam). ,"Lô CN-2A, Khu công nghiệp Phú Hà, xã Hà Lộc, thị xã Phú Thọ, tỉnh Phú Thọ.","Lô CN-2A, Khu công nghiệp Phú Hà, xã Hà Lộc, thị xã Phú Thọ, tỉnh Phú Thọ.",30,,2025-05-15,https://thamvan.mae.gov.vn/Uploads/16052025/N216.5. BC DTM DA BYD PHU THO.pdf | https://thamvan.mae.gov.vn/Uploads/16052025/16.5. NOI DUNG THAM VAN DA BYD - PHU THO.pdf,2026-09-18
4881,DTM,Dự án: Đầu tư Nhà máy sản xuất phân đạm Cà Mau.,"Xã Khánh An, huyện U Minh, tỉnh Cà Mau.",Công ty Cổ phần Phân bón Dầu khí Cà Mau.,25-04-2025,Hết hạn,cà mau,2,Công ty TNHH Khoa học kỹ thuật môi trường Việt Nam.,Công ty Cổ phần Phân bón Dầu khí Cà Mau.,"Lô D, Khu công nghiệp Phương 1, đường Ngô Quyền, phường 1, thành phố Cà Mau, tỉnh Cà Mau.","Xã Khánh An, huyện U Minh, tỉnh Cà Mau.",30,,2025-04-24,https://thamvan.mae.gov.vn/Uploads/25042025/MR25.4. BC DTM DA PHAN DAM CA MAU.pdf | https://thamvan.mae.gov.vn/Uploads/25042025/25.4. NDTV DA PHAN DAM CA MAU.pdf,2026-09-18
4786,DTM,Dự án: Nhà máy nhiệt điện LNG Quảng Trạch II.,"Thôn Vĩnh Sơn, xã Quảng Đông, huyện Quảng Trạch, thuộc Khu kinh tế Hòn La, tỉnh Quảng Bình.","Ban Quản lý Dự án Điện 2 (EVNPMB2), Tập đoàn điện lực Việt Nam.",18-03-2025,Hết hạn,lng; nhiệt điện,2,Công ty Cổ phần Tư vấn xây dựng điện 3 (PECC3).,"Ban Quản lý Dự án Điện 2 (EVNPMB2), Tập đoàn điện lực Việt Nam.","Số 11, phố Cửa Bắc, phường Trúc Bạch, quận Ba Đình, thành phố Hà Nội.","Thôn Vĩnh Sơn, xã Quảng Đông, huyện Quảng Trạch, thuộc Khu kinh tế Hòn La, tỉnh Quảng Bình.",30,,2025-03-17,https://thamvan.mae.gov.vn/Uploads/18032025/0B17.3. BC DTM NM NHIET DIEN QUANG TRACH.pdf | https://thamvan.mae.gov.vn/Uploads/18032025/17.3. NOI DUNG THAM VAN DTM DA NM NHIET DIEN QUANG TRACH II.pdf,2026-09-18
4735,DTM,Dự án: Nhà máy Tôn Phương Nam Nhơn Trạch 2 – Nhơn Phú (sản xuất tôn mạ kẽm công suất 100.000 tấn sản phẩm/năm và tôn mạ màu công suất 70.000 tấn sản phẩm/năm).,"Lô IVA, Khu công nghiệp Nhơn Trạch II – Nhơn Phú, xã Phú Hội, huyện Nhơn Trạch, tỉnh Đồng Nai.",Công ty Tôn Phương Nam.,19-02-2025,Hết hạn,nhơn trạch,2,Công ty TNHH Thương mại xây dựng và Tư vấn môi trường Phước Thịnh.,Công ty Tôn Phương Nam.,"Đường số 3, Khu công nghiệp Nhơn Trạch II - Nhơn Phú, xã Phú Hội, huyện Nhơn Trạch, tỉnh Đồng Nai.","Lô IVA, Khu công nghiệp Nhơn Trạch II – Nhơn Phú, xã Phú Hội, huyện Nhơn Trạch, tỉnh Đồng Nai.",30,,2025-02-18,https://thamvan.mae.gov.vn/Uploads/19022025/CR19.2. BC DTM DA TON PHUONG NAM - DN.pdf | https://thamvan.mae.gov.vn/Uploads/19022025/19.2. NOI DUNG THAM VAN DA NHOM TON PHUONG NAM-DN.pdf,2026-09-18
4724,DTM,"Dự án: Khu du lịch nghỉ dưỡng Balm-Cricket tại xã Phước Thuận, huyện Xuyên Mộc, tỉnh Bà Rịa - Vũng Tàu.","Xã Phước Thuận, huyện Xuyên Mộc, tỉnh Bà Rịa – Vũng Tàu.",Công ty TNHH Du lịch Bất động sản Đoàn Lê.,12-02-2025,Hết hạn,bà rịa,2,Công ty TNHH Dịch vụ Kỹ thuật môi trường Thành Nam Á.,Công ty TNHH Du lịch Bất động sản Đoàn Lê.,"Số 4/2, đường 37, phường Hiệp Bình Chánh, quận Thủ Đức, thành phố Hồ Chí Minh.","Xã Phước Thuận, huyện Xuyên Mộc, tỉnh Bà Rịa – Vũng Tàu.",30,,2025-02-11,https://thamvan.mae.gov.vn/Uploads/12022025/IF11.02. BC DTM DA KHU DU LICH NGHI DUONG BALM-CRICKET - BRVT.pdf,2026-09-18
4697,DTM,Dự án: “Nhà máy hóa chất Nhơn Trạch”.,"Khu công nghiệp Nhơn Trạch 6, huyện Nhơn Trạch, tỉnh Đồng Nai.",Công ty Cổ phần hóa chất cơ bản miền Nam.,24-01-2025,Hết hạn,nhơn trạch,2,Trung tâm Công nghiệp môi trường.,Công ty Cổ phần hóa chất cơ bản miền Nam.,"Số 22, đường Lý Tự Trọng, phường Bến Nghé, quận 1, thành phố Hồ Chí Minh.","Khu công nghiệp Nhơn Trạch 6, huyện Nhơn Trạch, tỉnh Đồng Nai.",70,,2025-01-23,https://thamvan.mae.gov.vn/Uploads/24012025/TY24. 01. BC DTM DA NHA MAY HOA CHAT NHON TRACH.pdf,2026-09-18
4589,DTM,"Dự án: “Mở rộng, nâng cấp Cảng hàng không Cà Mau” tại thành phố Cà Mau, tỉnh Cà Mau.","Phường 6 và phường Tân Thành, thành phố Cà Mau, tỉnh Cà Mau.",Tổng Công ty Cảng hàng không Việt Nam – CTCP.,31-12-2024,Hết hạn,cà mau,2,Liên danh tư vấn: Trung tâm Sinh thái Môi trường và Tài nguyên (CEER) và Trung tâm Công nghệ Môi trường (ENTEC).,Tổng Công ty Cảng hàng không Việt Nam – CTCP.,"Số 58, đường Trường Sơn, phường 2, quận Tân Bình, thành phố Hồ Chí Minh.","Phường 6 và phường Tân Thành, thành phố Cà Mau, tỉnh Cà Mau.",70,,2024-12-30,https://thamvan.mae.gov.vn/Uploads/31122024/5531.12. BC DTM CHK CA MAU.pdf,2026-09-18
4387,DTM,Dự án: Nhà máy điện rác Ninh Bình.,"Thôn 1, xã Đông Sơn, thành phố Tam Điệp, tỉnh Ninh Bình.",Công ty cổ phần Năng lượng xanh SUS Ninh Bình.,13-11-2024,Hết hạn,nhà máy điện,2,Công ty TNHH Máy và Thiết bị công nghiệp Hóa chất - Môi trường MECIE.,Công ty cổ phần Năng lượng xanh SUS Ninh Bình.,"Thôn 1, xã Đông Sơn, thành phố Tam Điệp, tỉnh Ninh Bình.","Thôn 1, xã Đông Sơn, thành phố Tam Điệp, tỉnh Ninh Bình.",70,,2024-11-12,https://thamvan.mae.gov.vn/Uploads/13112024/8713.11 BC DTM NHA MAY DIEN RAC NINH BINH.pdf,2026-09-18
4348,DTM,"Dự án: Đầu tư khai thác và chế biến mỏ puzolan Long Phước (Núi Đất), xã Long Phước, thành phố Bà Rịa, tỉnh Bà Rịa – Vũng Tàu (Điều chỉnh nâng công suất và bổ sung loại sản phẩm).","Xã Long Phước, thành phố Bà Rịa, tỉnh Bà Rịa – Vũng Tàu.",Công ty Cổ phần Khoáng sản Vũng Tàu.,05-11-2024,Hết hạn,bà rịa,2,Công ty Cổ phần Địa chất và Môi trường Miền Đông.,Công ty Cổ phần Khoáng sản Vũng Tàu.,"Mỏ puzolan Núi Thơm, xã Long Tân, huyện Đất Đỏ, tỉnh Bà Rịa – Vũng Tàu.","Xã Long Phước, thành phố Bà Rịa, tỉnh Bà Rịa – Vũng Tàu.",70,,2024-11-04,https://thamvan.mae.gov.vn/Uploads/06112024/TV5.11. BC DTM NCS NUI ĐAT - BRVT.pdf,2026-09-18
4215,DTM,Dự án: Nhà máy điện tử Hank Việt Nam.,"Số 7, đường 11, Khu công nghiệp, đô thị và dịch vụ VSIP Bắc Ninh, phường Phù Chẩn, thành phố Từ Sơn, tỉnh Bắc Ninh và Lô 74B/75A, số 55, đường 11, Khu công nghiệp, Đô thị và Dịch vụ VSIP Bắc Ninh, xã Đại Đồng, huyện Tiên Du, tỉnh Bắc Ninh.",Công ty TNHH Điện tử Hank Việt Nam.,09-10-2024,Hết hạn,nhà máy điện,2,Công ty TNHH dịch vụ tư vấn môi trường Nam Việt.,Công ty TNHH Điện tử Hank Việt Nam.,"Số 7, đường 11, Khu công nghiệp, đô thị và dịch vụ VSIP Bắc Ninh, phường Phù Chẩn, thành phố Từ Sơn, tỉnh Bắc Ninh.","Số 7, đường 11, Khu công nghiệp, đô thị và dịch vụ VSIP Bắc Ninh, phường Phù Chẩn, thành phố Từ Sơn, tỉnh Bắc Ninh và Lô 74B/75A, số 55, đường 11, Khu công nghiệp, Đô thị và Dịch vụ VSIP Bắc Ninh, xã Đại Đồng, huyện Tiên Du, tỉnh Bắc Ninh.",70,,2024-10-08,https://thamvan.mae.gov.vn/Uploads/09102024/RF10.9. BC DTM NHA MAY HANK- BAC NINH.pdf,2026-09-18
3049,DTM,"Dự án: Đầu tư xây dựng nhà máy điện gió Công Lý, tỉnh Sóc Trăng, giai  đoạn I.","Xã Lai Hòa, thị xã Vĩnh Châu, tỉnh Sóc Trăng.",Công ty Cổ phần Super Wind Energy Công lý Sóc Trăng.,08-08-2024,Hết hạn,nhà máy điện,2,Công ty Cổ phần Đầu tư và Tư vấn Nam Minh.,Công ty Cổ phần Super Wind Energy Công lý Sóc Trăng.,"Thửa đất số 284, Tờ bản đồ số 9, ấp Prây Chóp B, xã Lai Hòa, thị xã Vĩnh Châu, tỉnh Sóc Trăng.","Xã Lai Hòa, thị xã Vĩnh Châu, tỉnh Sóc Trăng.",70,,2024-08-07,https://thamvan.mae.gov.vn/Uploads/08082024/GN8.8. BC DTM DIEN GIO SOC TRANG.pdf,2026-09-18
2990,DTM,"Dự án: Xây dựng Nhà máy điện tử Jin Xinfeng Việt Nam (điều chỉnh, nâng công suất).","Lô CN07, Khu công nghiệp Cẩm Khê, thị trấn Cẩm Khê, tỉnh Phu Thọ.",Công ty TNHH Điện tử Jin Xinfeng Việt Nam.,29-07-2024,Hết hạn,nhà máy điện,2,Công ty Cổ phần xây dựng và Công nghệ môi trường Việt Nam.,Công ty TNHH Điện tử Jin Xinfeng Việt Nam.,"Lô CN07, Khu công nghiệp Cẩm Khê, thị trấn Cẩm Khê, tỉnh Phu Thọ.","Lô CN07, Khu công nghiệp Cẩm Khê, thị trấn Cẩm Khê, tỉnh Phu Thọ.",70,,2024-07-28,https://thamvan.mae.gov.vn/Uploads/29072024/4329.7. BC DTM DIEN TU PHU THO.pdf,2026-09-18
2835,DTM,Dự án Nhà máy nhiệt điện BOT Vũng Áng II.,"Xã Kỳ Lợi, phường Kỳ Trinh, phường Kỳ Long, thị xã Kỳ Anh, tỉnh Hà Tĩnh.",Công ty TNHH Nhiệt điện Vũng Áng II.,10-06-2024,Hết hạn,nhiệt điện,2,Công ty TNHH Công nghệ và Môi trường Phước Đạt.,Công ty TNHH Nhiệt điện Vũng Áng II.,"Khu Kinh tế Vũng Áng, thị xã Kỳ Anh, tỉnh Hà Tĩnh.","Xã Kỳ Lợi, phường Kỳ Trinh, phường Kỳ Long, thị xã Kỳ Anh, tỉnh Hà Tĩnh.",70,,2024-06-09,https://thamvan.mae.gov.vn/Uploads/11062024/Z2BC DTM - VUNG ANG - HA TINH.pdf,2026-09-18
2744,DTM,"Dự án “Khu du lịch nghỉ dưỡng Bình Minh” tại xã Phước Thuận, huyện Xuyên Mộc, tỉnh Bà Rịa – Vũng Tàu","tại xã Phước Thuận, huyện Xuyên Mộc, tỉnh Bà Rịa – Vũng Tàu",Công ty Cổ phần Thủy Sản Bình Minh,20-05-2024,Hết hạn,bà rịa,2,Công ty TNHH Dịch vụ Kỹ thuật Môi trường Thành Nam Á,Công ty Cổ phần Thủy Sản Bình Minh ,"Số 1B, Đường 30, Khu phố 2, Phường An Khánh, TP. Thủ Đức, TP. Hồ Chí Minh","tại xã Phước Thuận, huyện Xuyên Mộc, tỉnh Bà Rịa – Vũng Tàu",70,,2024-05-19,https://thamvan.mae.gov.vn/Uploads/20052024/J8Báo cáo Đánh giá tác động môi trường - KDL Bình Minh.pdf,2026-09-18
2745,DTM,"Dự án: “Nhà máy điện rác Greenity Nam Định” tại xã Mỹ Thành, huyện Mỹ Lộc, tỉnh Nam Định","Khu xử lý rác thải, xã Mỹ Thành, huyện Mỹ Lộc, tỉnh Nam Định",Công ty cổ phần năng lượng GREENITY Nam Định,20-05-2024,Hết hạn,nhà máy điện,2,Công ty cổ phần Đầu tư phát triển dịch vụ môi trường An Bình,Công ty cổ phần năng lượng GREENITY Nam Định,"Xã Mỹ Thành, huyện Mỹ Lộc, tỉnh Nam Định","Khu xử lý rác thải, xã Mỹ Thành, huyện Mỹ Lộc, tỉnh Nam Định",70,,2024-05-19,"https://thamvan.mae.gov.vn/Uploads/20052024/6L2024.05.07. BC DTM Greenity NĐ tv onl, cg - rev 2.pdf",2026-09-18
2677,DTM,Dự án Nhà máy điện rác Ninh Bình,"Thôn 1, xã Đông Sơn, thành phố Tam Điệp, tỉnh Ninh Bình",Công ty cổ phần Năng lượng xanh SUS Ninh Bình,25-04-2024,Hết hạn,nhà máy điện,2,Công ty TNHH Máy và Thiết bị công nghiệp Hóa chất Môi trường Mecie,Công ty cổ phần Năng lượng xanh SUS Ninh Bình,"Thôn 1, xã Đông Sơn, thành phố Tam Điệp, tỉnh Ninh Bình","Thôn 1, xã Đông Sơn, thành phố Tam Điệp, tỉnh Ninh Bình",70,,2024-04-24,https://thamvan.mae.gov.vn/Uploads/25042024/HG240422 EIA SUS NINHBINH.pdf,2026-09-18
2636,DTM,Dự án “Nhà máy sản xuất hạt nhựa Polypropylene Phú Mỹ (điều chỉnh)”,"Lô 11CN, 12CN và 13CN, Khu công nghiệp Cái Mép, xã Tân Phước, thị xã Phú Mỹ, tỉnh Bà Rịa – Vũng Tàu.",Công ty Cổ phần Sản xuất nhựa Phú Mỹ,17-04-2024,Hết hạn,phú mỹ,2,Công ty CP tư vấn Đầu tư Khoáng Sản Việt (KSV),Công ty Cổ phần Sản xuất nhựa Phú Mỹ,"số 130 Ba Cu, phường 3, thành phố Vũng Tàu, tỉnh Bà Rịa – Vũng Tàu","Lô 11CN, 12CN và 13CN, Khu công nghiệp Cái Mép, xã Tân Phước, thị xã Phú Mỹ, tỉnh Bà Rịa – Vũng Tàu.",70,,2024-04-16,https://thamvan.mae.gov.vn/Uploads/17042024/5F1. Báo cáo ĐTM nhựa Phú Mỹ (điều chỉnh).pdf,2026-09-18
2590,DTM,"Dự án “Khu chợ và khu dân cư Dân Xuân tại thị trấn Hiệp Phước, huyện Nhơn Trạch”","thị trấn Hiệp Phước, huyện Nhơn Trạch, tỉnh Đồng Nai",Công ty Cổ phần Bất động sản Dân Xuân,10-04-2024,Hết hạn,nhơn trạch,2,Công ty Cổ phần SCT - Hà Nội,Công ty Cổ phần Bất động sản Dân Xuân,"Số 15, Khu phố 3, đường Trần Bạch Đằng, phường Thủ Thiêm, TP. Thủ Đức, Thành phố Hồ Chí Minh","thị trấn Hiệp Phước, huyện Nhơn Trạch, tỉnh Đồng Nai",70,,2024-04-09,https://thamvan.mae.gov.vn/Uploads/10042024/82ĐTM Khu cho va KHu dan cu Dan Xuan.pdf,2026-09-18
2460,DTM,Dự án thiết bị đầu cuối thông minh BOE Việt Nam Giai đoạn 2 tại tỉnh Bà Rịa - Vũng Tàu,"tại Lô M1, đường D2, Khu công nghiệp chuyên sâu Phú Mỹ 3, phường Phước Hòa, thị xã Phú Mỹ, tỉnh Bà Rịa – Vũng Tàu",Công ty TNHH Điện tử - nghe nhìn BOE Việt Nam,26-02-2024,Hết hạn,bà rịa,2,Công ty Cổ phần Xây dựng và Môi trường Đại Phú,Công ty TNHH Điện tử - nghe nhìn BOE Việt Nam,"Lô M1, đường D2, Khu công nghiệp chuyên sâu Phú Mỹ 3, phường Phước Hòa, thị xã Phú Mỹ, tỉnh Bà Rịa – Vũng Tàu","tại Lô M1, đường D2, Khu công nghiệp chuyên sâu Phú Mỹ 3, phường Phước Hòa, thị xã Phú Mỹ, tỉnh Bà Rịa – Vũng Tàu",70,,2024-02-25,https://thamvan.mae.gov.vn/Uploads/26022024/50Báo cáo ĐTM BOE.pdf,2026-09-18
2412,DTM,Dự án Nhà máy Điện tử MS Việt Nam,"Lô CN 14-3, lô CN3-5, KCN Yên Phong (khu vực mở rộng), huyện Yên Phong, tỉnh Bắc Ninh",Công ty TNHH Điện tử MS Việt Nam,02-02-2024,Hết hạn,nhà máy điện,2,Công ty cổ phần môi trường ETC Viêt Nam,Công ty TNHH Điện tử MS Việt Nam,"KCN Yên Phong (khu vực mở rộng), huyện Yên Phong, tỉnh Bắc Ninh","Lô CN 14-3, lô CN3-5, KCN Yên Phong (khu vực mở rộng), huyện Yên Phong, tỉnh Bắc Ninh",70,,2024-02-01,https://thamvan.mae.gov.vn/Uploads/02022024/771.ĐTM MS VIỆT NAM_SCAN.pdf,2026-09-18
2397,DTM,Cơ sở hạ tầng thuộc Trung tâm điện lực Quảng Trạch,"thôn Vĩnh Sơn, xã Quảng Đông, huyện Quảng Trạch, tỉnh Quảng Bình",Ban Quản lý dự án Điện 2,31-01-2024,Hết hạn,trung tâm điện; điện lực,2,,Ban Quản lý dự án Điện 2 ,"Số 11, phố Cửa Bắc, phường Trúc Bạch, q. Ba Đình, Hà Nội ","thôn Vĩnh Sơn, xã Quảng Đông, huyện Quảng Trạch, tỉnh Quảng Bình",70,,2024-01-30,https://thamvan.mae.gov.vn/Uploads/31012024/402. DTM CSHT TTDL Quang Trach Ver tham van cong TTDT.pdf,2026-09-18
2327,DTM,Dự án Nhà máy điện tử Top Nation Việt Nam,"Nhà xưởng E03 (thuê lại của Công ty cổ phần Tân Vũ – Hải Phòng), Lô CN4G, Khu công nghiệp và dịch vụ Hàng Hải (Deep C2B) thuộc Khu kinh tế Đình Vũ – Cát Hải, P. Đông Hải 2, Q. Hải An, TP Hải Phòng",Công ty TNHH Điện tử Top Nation Việt Nam,16-01-2024,Hết hạn,nhà máy điện,2,Công ty TNHH tư vấn và thương mại Vinagreen,Công ty TNHH Điện tử Top Nation Việt Nam,"Nhà xưởng E03 (thuê lại của Công ty cổ phần Tân Vũ – Hải Phòng), Lô CN4G, Khu công nghiệp và dịch vụ hàng hải (Deep C2B) thuộc Khu kinh tế Đình Vũ – Cát Hải, P. Đông Hải 2, Q. Hải An, TP Hải Phòng","Nhà xưởng E03 (thuê lại của Công ty cổ phần Tân Vũ – Hải Phòng), Lô CN4G, Khu công nghiệp và dịch vụ Hàng Hải (Deep C2B) thuộc Khu kinh tế Đình Vũ – Cát Hải, P. Đông Hải 2, Q. Hải An, TP Hải Phòng",70,,2024-01-15,https://thamvan.mae.gov.vn/Uploads/16012024/L6Nội dung ĐTM Dự án nhà máy điện tử Top Nation Việt Nam (10.1.2024).pdf,2026-09-18
1440,DTM,"Dự án ""LNG Hải Lăng giai đoạn 1""","Tại Khu kinh tế Đông Nam Quảng Trị thuộc xã Hải An, huyện Hải Lăng, tỉnh Quảng Trị tại khu đất phía Tây Nam khu vực cảng Mỹ Thủy",Liên danh nhà đầu tư: Công ty Cổ phần Tập đoàn T&T(T&T); Tổng công ty năng lượng Hanwha (HEC); Tổng công ty khí Hàn Quốc (KOGAS) và Công ty Điện lực Nam Hàn Quốc (KOSPO),05-01-2024,Hết hạn,lng,2,Viện Năng lượng,Liên danh nhà đầu tư: Công ty Cổ phần Tập đoàn T&T(T&T); Tổng công ty năng lượng Hanwha (HEC); Tổng công ty khí Hàn Quốc (KOGAS) và Công ty Điện lực Nam Hàn Quốc (KOSPO),"Trụ sở chính tại số 18, phố Hàng Chuối, phường Phạm Đình Hổ, quận Hai Bà Trưng, thành phố Hà Nội","Tại Khu kinh tế Đông Nam Quảng Trị thuộc xã Hải An, huyện Hải Lăng, tỉnh Quảng Trị tại khu đất phía Tây Nam khu vực cảng Mỹ Thủy",70,,2024-01-04,https://thamvan.mae.gov.vn/Uploads/05012024/FBDTM du an LNG Hai Lang Giai doan 1 - Bao cao day du (scan).pdf,2026-09-18
1421,DTM,"Dự án “Nạo vét duy tu luồng chung, luồng riêng, vũng quay tàu, khu neo đậu tàu, khu nước trước bến, luồng dẫn nước làm mát cảng biển Trung tâm Điện lực Duyên Hải, tỉnh Trà Vinh, giai đoạn 2024-2026”","xã Dân Thành, thị xã Duyên Hải, tỉnh Trà Vinh",Ban Quản lý Dự án Nhiệt điện 3,29-12-2023,Hết hạn,trung tâm điện; điện lực,2,Công ty Cổ phần Tư vấn và Thẩm định Môi trường Vinacontrol,Ban Quản lý Dự án Nhiệt điện 3,"số 32 Ngô Thời Nhiệm, phường Võ Thị Sáu, quận 3, thành phố Hồ Chí Minh","xã Dân Thành, thị xã Duyên Hải, tỉnh Trà Vinh",70,,2023-12-28,https://thamvan.mae.gov.vn/Uploads/29122023/W4NhietDien3_24-26_DTM_ThamVanOnline.pdf,2026-09-18
1422,DTM,"Dự án "" Công trình nạo vét duy tu Bến cảng chuyên dùng thuộc Dự án Nhà máy nhiệt điện Duyên Hải 2""","Ấp Mù U, xã Dân Thành, thị xã Duyên Hải, tỉnh Trà Vinh",Công ty TNHH Janakuasa Việt Nam,29-12-2023,Hết hạn,nhiệt điện,2,Công ty Cổ phần Tư vấn xây dựng Công trình thủy,Công ty TNHH Janakuasa Việt Nam,"Phòng 1102, Tòa nhà HCO Building 44B Lý Thường Kiệt, Hoàn Kiếm, Hà Nội","Ấp Mù U, xã Dân Thành, thị xã Duyên Hải, tỉnh Trà Vinh",70,,2023-12-28,https://thamvan.mae.gov.vn/Uploads/29122023/7A1. Bao cao DTM.pdf,2026-09-18
1388,DTM,Dự án “Nhà máy điện tử Sumida Việt Nam”,"Lô đất CN6 (kí hiệu là CN6.1), khu công nghiệp An Phát 1, km 69, quốc lộ 37, thuộc xã Quốc Tuấn, xã An Bình và xã An Lâm, huyện Nam Sách, tỉnh Hải Dương",Công ty TNHH Điện tử Sumida Việt Nam,25-12-2023,Hết hạn,nhà máy điện,2,Công ty CP tư vấn Công nghệ và Môi trường,Công ty TNHH Điện tử Sumida Việt Nam,"Nhà xưởng tiêu chuẩn B1&B2, khu công nghiệp Nhật Bản - Hải Phòng, xã Tân Tiến, huyện An Dương, thành phố Hải Phòng","Lô đất CN6 (kí hiệu là CN6.1), khu công nghiệp An Phát 1, km 69, quốc lộ 37, thuộc xã Quốc Tuấn, xã An Bình và xã An Lâm, huyện Nam Sách, tỉnh Hải Dương",70,,2023-12-24,https://thamvan.mae.gov.vn/Uploads/25122023/4YĐTM Điện tử Sumida.pdf,2026-09-18
1375,DTM,Dự án “Kho cảng LNG Sơn Mỹ”,"Xã Sơn Mỹ, huyện Hàm Tân, tỉnh Bình Thuận",Công ty TNHH Kho cảng LNG Sơn Mỹ,18-12-2023,Hết hạn,lng,2,Công ty Cổ phần Tư vấn và Kỹ thuật Hạ tầng giao thông (CEOTIC),Công ty TNHH Kho cảng LNG Sơn Mỹ,"Số 50 đại lộ Nguyễn Tất Thành, phường Hưng Long, thành phố Phan Thiết, tỉnh Bình Thuận","Xã Sơn Mỹ, huyện Hàm Tân, tỉnh Bình Thuận",70,,2023-12-17,https://thamvan.mae.gov.vn/Uploads/19122023/4GBáo cáo ĐTM kho cảng LNG Sơn Mỹ (full).pdf,2026-09-18
1368,DTM,"Dự án: “Khu du lịch suối nước nóng Bình Châu”, diện tích 33,27 ha tại xã Bình Châu, huyện Xuyên Mộc, tỉnh Bà Rịa – Vũng Tàu","Xã Bình Châu, huyện Xuyên Mộc, tỉnh Bà Rịa – Vũng Tàu",Công ty Cổ phần Du lịch Sài Gòn – Bình Châu,12-12-2023,Hết hạn,bà rịa,2,Công ty TNHH Tư vấn Xây dựng Nam Minh, Công ty Cổ phần Du lịch Sài Gòn – Bình Châu,"Quốc lộ 55, xã Bình Châu, huyện Xuyên Mộc, Bà Rịa – Vũng Tàu"," Xã Bình Châu, huyện Xuyên Mộc, tỉnh Bà Rịa – Vũng Tàu",70,,2023-12-11,https://thamvan.mae.gov.vn/Uploads/12122023/WZDTM KDL Binh Chau 2023_28.11.2023 (NOP TV Dien tu) F.pdf,2026-09-18
476,DTM,"Dự án: “Cấp điện từ lưới điện quốc gia cho huyện Côn Đảo, tỉnh Bà Rịa – Vũng Tàu”","Thị xã Vĩnh Châu, tỉnh Sóc Trăng và huyện Côn Đảo, tỉnh Bà Rịa – Vũng Tàu",Ban Quản lý dự án Điện 3,08-11-2023,Hết hạn,bà rịa,2,Công ty Cổ phần Tư vấn Xây dựng Điện 2,Ban Quản lý dự án Điện 3,"Số 25 Thạch Thị Thanh, phường Tân Định, Quận 1, TP. Hồ Chí Minh","Thị xã Vĩnh Châu, tỉnh Sóc Trăng và huyện Côn Đảo, tỉnh Bà Rịa – Vũng Tàu",70,,2023-11-07,https://thamvan.mae.gov.vn/Uploads/08112023/R7DTM - Côn Đảo.pdf,2026-09-18
472,DTM,"Dự án Nhà máy điện rác Seraphin tại Khu xử lý chất thải rắn Xuân Sơn, thị xã Sơn Tây","xã Xuân Sơn, thị xã Sơn Tây, Thành phố Hà Nội",Công ty Cổ phần Công nghệ Môi trường Xanh Seraphin,07-11-2023,Hết hạn,nhà máy điện,2,Công ty cổ phần tư vấn xây dựng Điện 4,Công ty Cổ phần Công nghệ Môi trường Xanh Seraphin,"Tầng 4, tòa nhà hỗn hợp Vườn Đào, ngõ 689 Lạc Long Quân, phường Phú Thượng, quận Tây Hồ, Hà Nội","xã Xuân Sơn, thị xã Sơn Tây, Thành phố Hà Nội",70,,2023-11-06,https://thamvan.mae.gov.vn/Uploads/07112023/PZBáo cáo DTM Dự án Seraphin.pdf,2026-09-18
469,DTM,Dự án Nhà máy điện tử Foxlink Đà Nẵng,"Lô J4 và Lô A1, Khu công nghệ cao Đà Nẵng, xã Hòa Liên, huyện Hòa Vang, thành phố Đà Nẵng",Công ty TNHH Foxlink Đà Nẵng,06-11-2023,Hết hạn,nhà máy điện,2,Công ty TNHH Đầu tư và Môi trường Việt Nam,Công ty TNHH Foxlink Đà Nẵng,"Lô J4 và Lô A1, Khu công nghệ cao Đà Nẵng, xã Hòa Liên, huyện Hòa Vang, thành phố Đà Nẵng","Lô J4 và Lô A1, Khu công nghệ cao Đà Nẵng, xã Hòa Liên, huyện Hòa Vang, thành phố Đà Nẵng",70,,2023-11-05,https://thamvan.mae.gov.vn/Uploads/06112023/LLDA ĐTM Foxlink.pdf,2026-09-18
325,DTM,Nhà máy Nhiệt điện BOT Vũng Áng II,"Thôn Hải Phong, xã Kỳ Lợi, thị xã Kỳ Anh, tỉnh Hà Tĩnh",Công ty TNHH Nhiệt Điện Vũng Áng II (VAPCO),05-10-2023,Hết hạn,nhiệt điện,2,,Công ty TNHH Nhiệt Điện Vũng Áng II (VAPCO),Khu kinh tế Vũng Áng - Huyện Kỳ Anh - Tỉnh Hà Tĩnh,"Thôn Hải Phong, xã Kỳ Lợi, thị xã Kỳ Anh, tỉnh Hà Tĩnh",70,,2023-10-04,https://thamvan.mae.gov.vn/Uploads/05102023/XJDu thao Bao cao DTM Nhan chim Vung Ang.pdf,2026-09-18
204,DTM,Dự án “Nhà máy Thép tấm lợp Nam Kim Phú Mỹ”,"Đường số 1, KCN Mỹ Xuân B1 - Đại Dương, phường Mỹ Xuân, thị xã Phú Mỹ, tỉnh Bà Rịa - Vũng Tàu",Công ty TNHH Tôn Nam Kim Phú Mỹ,06-09-2023,Hết hạn,phú mỹ,2,"Công ty cổ phần tư vấn, đầu tư và phát triển công nghệ môi trường Việt Nam",Công ty TNHH Tôn Nam Kim Phú Mỹ,"Đường số 1, KCN Mỹ Xuân B1 - Đại Dương, phường Mỹ Xuân, thị xã Phú Mỹ, tỉnh Bà Rịa - Vũng Tàu","Đường số 1, KCN Mỹ Xuân B1 - Đại Dương, phường Mỹ Xuân, thị xã Phú Mỹ, tỉnh Bà Rịa - Vũng Tàu",70,,2023-09-05,https://thamvan.mae.gov.vn/Uploads/06092023/AMNội dung ĐTM NM Thép tấm lợp Nam Kim Phú Mỹ.pdf,2026-09-18
192,DTM,Dự án: “Nhà máy điện tử Broad Việt Nam”,"Lô CN-10 và Lô CN-03 (Nhà xưởng E08), KCN Vân Trung, huyện Việt Yên, tỉnh Bắc Giang",Công ty TNHH điện tử Broad Việt Nam,30-08-2023,Hết hạn,nhà máy điện,2,Chi nhánh Công ty cổ phần EJC tại Bắc Giang,Công ty TNHH điện tử Broad Việt Nam,"Lô CN-10, KCN Vân Trung, xã Vân Trung, huyện Việt Yên, tỉnh Bắc Giang","Lô CN-10 và Lô CN-03 (Nhà xưởng E08), KCN Vân Trung, huyện Việt Yên, tỉnh Bắc Giang",70,,2023-08-29,https://thamvan.mae.gov.vn/Uploads/30082023/TZ1. Báo cáo ĐTM nhà máy Broad Việt Nam.pdf,2026-09-18
137,DTM,"Dự án Xây dựng đê biển Tây từ Cái Đôi Vàm đến Kênh Năm và kè phòng, chống sạt lở bờ biển các đoạn xung yếu từ cửa biển sông Ông Đốc đến cửa biển Bảy Háp, tỉnh Cà Mau.","Huyện Phú Tân và huyện Trần Văn Thời, tỉnh Cà Mau",Sở Nông nghiệp và Phát triển Nông thôn Cà Mau; Đại diện chủ dự án: Ban quản lý các dự án ODA và NGO tỉnh Cà Mau,18-08-2023,Hết hạn,cà mau,2,Viện Khoa học Thủy lợi miền Nam (SIWRR),Sở Nông nghiệp và Phát triển Nông thôn Cà Mau; Đại diện chủ dự án: Ban quản lý các dự án ODA và NGO tỉnh Cà Mau,"số 5,7,9 Đường 1/5, Phường 5, TP. Cà Mau, tỉnh Cà Mau","Huyện Phú Tân và huyện Trần Văn Thời, tỉnh Cà Mau",70,,2023-08-17,https://thamvan.mae.gov.vn/Uploads/18082023/SY2. BC_ĐTM_Dự án Đê biển Tây Cà Mau_AFD_Dang tai_BTNMT.pdf,2026-09-18
46,DTM,Dự án “Nhà máy điện tử BYD Việt Nam”,"Lô CN-02A, khu công nghiệp Phú Hà, xã Hà Lộc, thị xã Phú Thọ, tỉnh Phú Thọ",Công ty TNHH Điện tử BYD (Việt Nam),25-07-2023,Hết hạn,nhà máy điện,2,Công ty Cổ phần Dịch vụ và Phát triển Trường Thành,Công ty TNHH Điện tử BYD (Việt Nam),"Lô CN-02A, Khu công nghiệp Phú Hà, xã Hà Lộc, thị xã Phú Thọ, tỉnh Phú Thọ","Lô CN-02A, khu công nghiệp Phú Hà, xã Hà Lộc, thị xã Phú Thọ, tỉnh Phú Thọ",70,,2023-07-24,https://thamvan.mae.gov.vn/Uploads/25072023/9GĐTM BYD full.pdf,2026-09-18
6303,GPMT,Nhà máy Nhiệt điện Ô Môn I,"Số 148, Tỉnh lộ 920, Khu vực Thới Lợi, phường Phước Thới, thành phố Cần Thơ",Công ty Nhiệt điện Cần Thơ - Chi nhánh tổng Công ty Phát điện 2 – Công ty Cổ Phần,20-05-2026,Hết hạn,nhiệt điện; ô môn,1,,Công ty Nhiệt điện Cần Thơ - Chi nhánh tổng Công ty Phát điện 2 – Công ty Cổ Phần,"01 Lê Hồng Phong, phường Thới An Đông, thành phố Cần Thơ","Số 148, Tỉnh lộ 920, Khu vực Thới Lợi, phường Phước Thới, thành phố Cần Thơ ",70,,2026-05-19,https://thamvan.mae.gov.vn/Uploads/22052026/8X4.1. BC GPMT Nhiệt điện Ô Môn I.pdf | https://thamvan.mae.gov.vn/Uploads/22052026/4.2. Phụ lục báo cáo GPMT nhiệt điện Ô Môn I_Cần Thơ.pdf,2026-09-18
6237,GPMT,Khu công nghiệp chuyên sâu Phú Mỹ 3,"Phường Tân Phước, Thành phố Hồ Chí Minh",Công ty Cổ phần Thanh Bình Phú Mỹ,07-04-2026,Hết hạn,phú mỹ,1,,Công ty Cổ phần Thanh Bình Phú Mỹ,"Đường N1, Khu Công nghiệp chuyên sâu Phú Mỹ 3, phường Phước Hòa, thành phố Phú Mỹ, tỉnh Bà Rịa – Vũng Tàu (nay là phường Tân Phước, thành phố Hồ Chí Minh).","Phường Tân Phước, Thành phố Hồ Chí Minh",70,,2026-04-06,https://thamvan.mae.gov.vn/Uploads/10042026/BEfile scan BC GPMT 1.pdf,2026-09-18
5957,GPMT,Nhà máy Nhiệt điện Na Dương,"Khu 4, Xã Na Dương, Tỉnh Lạng Sơn, Việt Nam.",Công ty Nhiệt điện Na Dương - TKV,29-10-2025,Hết hạn,nhiệt điện,1,,Công ty Nhiệt điện Na Dương - TKV,"Khu 4, Xã Na Dương, Tỉnh Lạng Sơn, Việt Nam","Khu 4, Xã Na Dương, Tỉnh Lạng Sơn, Việt Nam.",70,,2025-10-28,https://thamvan.mae.gov.vn/Uploads/30102025/2UBC GPMT Nhiệt điện Na Dương_scan.pdf,2026-09-18
5920,GPMT,Nhà máy sản xuất phân đạm Cà Mau,"xã Khánh An, tỉnh Cà Mau",Công ty Cổ phần Phân bón Dầu khí Cà Mau,03-10-2025,Hết hạn,cà mau,1,,Công ty Cổ phần Phân bón Dầu khí Cà Mau,"Lô D, KCN Phường 1, đường Ngô Quyền, phường An Xuyên, tỉnh Cà Mau","xã Khánh An, tỉnh Cà Mau",70,,2025-10-02,https://thamvan.mae.gov.vn/Uploads/03102025/F8BC GPMT Đạm Cà Mau.pdf,2026-09-18
5894,GPMT,Nhà máy điện Cà Mau 1 và Nhà máy điện Cà Mau 2,"Ấp 6, xã Khánh An, tỉnh Cà Mau",Chi nhánh Tổng Công ty Điện Lực Dầu Khí Việt Nam - Công ty cổ phần - Công ty Điện Lực Dầu Khí Cà Mau,19-09-2025,Hết hạn,nhà máy điện; cà mau,1,,Chi nhánh Tổng Công ty Điện Lực Dầu Khí Việt Nam - Công ty cổ phần - Công ty Điện Lực Dầu Khí Cà Mau,"Ấp 6, xã Khánh An, tỉnh Cà Mau","Ấp 6, xã Khánh An, tỉnh Cà Mau",70,,2025-09-18,https://thamvan.mae.gov.vn/Uploads/21092025/UMBC DTM PD.pdf | https://thamvan.mae.gov.vn/Uploads/21092025/BC DTM PD_1.pdf | https://thamvan.mae.gov.vn/Uploads/21092025/BC DTM PD_2.pdf | https://thamvan.mae.gov.vn/Uploads/21092025/BC DTM PD_3.pdf | https://thamvan.mae.gov.vn/Uploads/21092025/BC DTM PD_4.pdf | https://thamvan.mae.gov.vn/Uploads/21092025/BC DTM PD_5.pdf,2026-09-18
5807,GPMT,Công ty Cổ phần Nhiệt điện Bà Rịa,"Khu phố Hương Giang, phường Long Hương, thành phố Bà Rịa, tỉnh Bà Rịa - Vũng Tàu",Công ty Cổ phần Nhiệt điện Bà Rịa,22-07-2025,Hết hạn,nhiệt điện; bà rịa,1,,Công ty Cổ phần Nhiệt điện Bà Rịa,"Khu phố Hương Giang, phường Long Hương, thành phố Bà Rịa, tỉnh Bà Rịa - Vũng Tàu","Khu phố Hương Giang, phường Long Hương, thành phố Bà Rịa, tỉnh Bà Rịa - Vũng Tàu",70,,2025-07-21,https://thamvan.mae.gov.vn/Uploads/23072025/04BC De xuat cap GPMT Cong ty CP Nhiet dien Ba Ria.pdf,2026-09-18
4941,GPMT,Nhà máy nhiệt điện Mạo Khê,"Phường Bình Khê,  Xuân Sơn, Tràng An, Kim Sơn, thành phố Đông Triều, tỉnh Quảng Ninh.",Công ty nhiệt điện Đông Triều - TKV (Chi nhánh Tổng Công ty  Điện lực TKV-CTCP).,19-05-2025,Hết hạn,nhiệt điện,1,,Công ty nhiệt điện Đông Triều - TKV (Chi nhánh Tổng Công ty  Điện lực TKV-CTCP).  ,"Khu Đông Sơn, phường Bình Khê, Thành phố Đông Triều,  tỉnh Quảng Ninh, Việt Nam. ","Phường Bình Khê,  Xuân Sơn, Tràng An, Kim Sơn, thành phố Đông Triều, tỉnh Quảng Ninh. ",70,,2025-05-18,https://thamvan.mae.gov.vn/Uploads/19052025/0YBaocao.GPMT.NMNĐ Mạo Khê 19.5.25.pdf,2026-09-18
4934,GPMT,"Nhà máy Nhiệt điện Vĩnh Tân 2 và Cảng nhập than, dầu thuộc bến cảng nhà máy Nhiệt điện Vĩnh Tân 2 (NMNĐ Vĩnh Tân 2)","Thôn Vĩnh Phúc, xã Vĩnh Tân, huyện Tuy Phong, tỉnh Bình Thuận, Việt Nam",Công ty Nhiệt điện Vĩnh Tân - Chi nhánh Tổng Công ty Phát điện 3 - Công ty cổ phần,15-05-2025,Hết hạn,nhiệt điện,1,,Công ty Nhiệt điện Vĩnh Tân - Chi nhánh Tổng Công ty Phát điện 3 - Công ty cổ phần,"Nhà máy Nhiệt điện Vĩnh Tân 2, thôn Vĩnh Phúc, xã Vĩnh Tân, huyện Tuy Phong tỉnh Bình Thuận, Việt Nam","Thôn Vĩnh Phúc, xã Vĩnh Tân, huyện Tuy Phong, tỉnh Bình Thuận, Việt Nam",70,,2025-05-14,https://thamvan.mae.gov.vn/Uploads/15052025/PLBao cao GPMT nen.pdf,2026-09-18
4892,GPMT,Dự án: Đầu tư và kinh doanh hạ tầng Khu công nghiệp Nhơn Trạch VI (Bổ sung nghành nghề sản xuất hóa chất cơ bản phục vụ Đầu tư nhà máy hóa chất Nhơn Trạch của Công ty Cổ phần Hóa chất cơ bản miền Nam trên cơ sở di dời từ KCN Biên Hòa I về KCN Nhơn Trạch VI)),"KCN Nhơn Trạch VI, xã Long Thọ, huyện Nhơn Trạch, tỉnh Đồng Nai.",Công ty TNHH MTV Đầu tư Xây dựng KCN Nhơn Trạch 6A,28-04-2025,Hết hạn,nhơn trạch,1,,Công ty TNHH MTV Đầu tư Xây dựng KCN Nhơn Trạch 6A,"KCN Nhơn Trạch VI, xã Long Thọ, huyện Nhơn Trạch, tỉnh Đồng Nai","KCN Nhơn Trạch VI, xã Long Thọ, huyện Nhơn Trạch, tỉnh Đồng Nai.",70,,2025-04-27,https://thamvan.mae.gov.vn/Uploads/29042025/INHo so bao cao de nghi cap lai GPMT KCN Nhon Trach 6 - Compress.pdf,2026-09-18
4838,GPMT,"Dự án Xây dựng hệ thống thu gom, xử lý và thoát nước thải khu đô thị mới Phú Mỹ huyện Tân Thành, tỉnh Bà Rịa - Vũng Tàu","Thành phố Phú Mỹ, tỉnh Bà Rịa - Vũng Tàu",Ban quản lý dự án chuyên nghành Giao thông và Dân dụng tỉnh Bà Rịa Vũng Tàu,10-04-2025,Hết hạn,phú mỹ; bà rịa,1,,Ban quản lý dự án chuyên nghành Giao thông và Dân dụng tỉnh Bà Rịa Vũng Tàu,"Số 1939 Quốc lộ 55, Khu phố Long Sơn, thị trấn Long Điền, huyện Long Đất, tỉnh Bà Rịa - Vũng Tàu","Thành phố Phú Mỹ, tỉnh Bà Rịa - Vũng Tàu",70,,2025-04-09,https://thamvan.mae.gov.vn/Uploads/10042025/9MBCĐX cấp GPMT Nhà máy nước Phú Mỹ.pdf,2026-09-18
4731,GPMT,Khu công nghiệp Phú Mỹ II và Khu công nghiệp Phú Mỹ II mở rộng,"Thị xã Phú Mỹ, tỉnh Bà Rịa-Vũng Tàu",Tổng công ty IDICO - CTCP,14-02-2025,Hết hạn,phú mỹ,1,,Tổng công ty IDICO - CTCP,"151A Nguyễn Đình Chiểu, phường Võ Thị Sáu, quận 3, Tp. Hồ Chí Minh","Thị xã Phú Mỹ, tỉnh Bà Rịa-Vũng Tàu",70,,2025-02-13,https://thamvan.mae.gov.vn/Uploads/17022025/8WBáo cáo GPMT - KCN PMII và KCN PMII MR.pdf,2026-09-18
4681,GPMT,Nhà máy SOP Phú Mỹ,"Khu Công nghiệp Mỹ Xuân A, Khu phố Phú Hà, Phường Mỹ Xuân, Thị xã Phú Mỹ, tỉnh Bà Rịa – Vũng Tàu",Công ty Cổ phần SOP Phú Mỹ.,16-01-2025,Hết hạn,phú mỹ,1,,Công ty Cổ phần SOP Phú Mỹ.,"Khu Công nghiệp Mỹ Xuân A, Khu phố Phú Hà, Phường Mỹ Xuân, Thị xã Phú Mỹ, tỉnh Bà Rịa – Vũng Tàu","Khu Công nghiệp Mỹ Xuân A, Khu phố Phú Hà, Phường Mỹ Xuân, Thị xã Phú Mỹ, tỉnh Bà Rịa – Vũng Tàu",70,,2025-01-15,https://thamvan.mae.gov.vn/Uploads/17012025/5CBAO CAO XIN GPMT NHA MAY SOP PHU MY_NOP THAM DINH.pdf,2026-09-18
4658,GPMT,Nhà máy điện tử Foxlink Đà Nẵng - Giai đoạn 1 và nhà xưởng F2 của Giai đoạn 2,"Khu công nghệ cao Đà Nẵng, xã Hòa Liên, huyện Hòa Vang, thành phố Đà Nẵng",Công ty TNHH Điện tử Foxlink Đà Nẵng,10-01-2025,Hết hạn,nhà máy điện,1,,Công ty TNHH Điện tử Foxlink Đà Nẵng,"Khu công nghệ cao Đà Nẵng, xã Hòa Liên, huyện Hòa Vang, thành phố Đà Nẵng","Khu công nghệ cao Đà Nẵng, xã Hòa Liên, huyện Hòa Vang, thành phố Đà Nẵng",70,,2025-01-09,https://thamvan.mae.gov.vn/Uploads/17012025/1YBCDX NM dien tu Foxlink (GD2).pdf,2026-09-18
4668,GPMT,Nhà máy giấy Marubeni tại Tỉnh Bà Rịa – Vũng Tàu,"Khu công nghiệp chuyên sâu Phú Mỹ 3, thị xã Phú Mỹ, tỉnh Bà Rịa – Vũng Tàu",Công ty TNHH Kraft Of Asia Paperboard & Packaging,10-01-2025,Hết hạn,bà rịa,1,,Công ty TNHH Kraft Of Asia Paperboard & Packaging,"Khu công nghiệp chuyên sâu Phú Mỹ 3, thị xã Phú Mỹ, tỉnh Bà Rịa – Vũng Tàu","Khu công nghiệp chuyên sâu Phú Mỹ 3, thị xã Phú Mỹ, tỉnh Bà Rịa – Vũng Tàu",70,,2025-01-09,https://thamvan.mae.gov.vn/Uploads/17012025/MJBÁO CÁO ĐỀ XUẤT CẤP GMPT MARUBENI.pdf,2026-09-18
4655,GPMT,Xưởng sản xuất điện khí Jili Việt Nam,"Lô đất CN4, KCN Yên Mỹ, xã Tân Lập, huyện Yên Mỹ, tỉnh Hưng Yên.",Công ty TNHH Điện khí Jili Việt Nam,08-01-2025,Hết hạn,điện khí,1,,Công ty TNHH Điện khí Jili Việt Nam,"Lô đất CN4, KCN Yên Mỹ, xã Tân Lập, huyện Yên Mỹ, tỉnh Hưng Yên. ","Lô đất CN4, KCN Yên Mỹ, xã Tân Lập, huyện Yên Mỹ, tỉnh Hưng Yên. ",70,,2025-01-07,https://thamvan.mae.gov.vn/Uploads/17012025/FKBao cao de xuat cap GPMT.pdf,2026-09-18
4622,GPMT,Nhà máy điện mặt trời Sao Mai,"xã Tịnh Biên, tỉnh An Giang",Công ty cổ phần tập đoàn Sao Mai,03-01-2025,Hết hạn,nhà máy điện,1,,Công ty cổ phần tập đoàn Sao Mai ,"số 326 Hùng Vương, phường Mỹ Long, thành phố Long Xuyên, tỉnh An Giang","xã Tịnh Biên, tỉnh An Giang",70,,2025-01-02,https://thamvan.mae.gov.vn/Uploads/05012025/R8BC GPMT-NM điện Sao Mai.pdf,2026-09-18
4580,GPMT,Dự án đầu tư Đường ống dẫn khí PM3- Cà Mau,"xã Khánh An, huyện U Minh, tỉnh Cà Mau",Chi nhánh Tổng Công ty Khí Việt Nam Công ty Khí Cà Mau,23-12-2024,Hết hạn,cà mau,1,,Chi nhánh Tổng Công ty Khí Việt Nam Công ty Khí Cà Mau,"xã Khánh An, huyện U Minh, tỉnh Cà Mau","xã Khánh An, huyện U Minh, tỉnh Cà Mau",70,,2024-12-22,https://thamvan.mae.gov.vn/Uploads/30122024/WCBáo cáo GPMT - Cty Khí Cà Mau.pdf,2026-09-18
4530,GPMT,Nhà máy điện CTHH Nhơn Trạch 2,"Ấp 3, xã Phước Khánh, huyện Nhơn Trạch, tỉnh Đồng Nai",Công ty Cổ phần Điện lực Dầu khí Nhơn Trạch 2,09-12-2024,Hết hạn,nhà máy điện; nhơn trạch,1,,Công ty Cổ phần Điện lực Dầu khí Nhơn Trạch 2 ,"Ấp 3, xã Phước Khánh, huyện Nhơn Trạch, tỉnh Đồng Nai","Ấp 3, xã Phước Khánh, huyện Nhơn Trạch, tỉnh Đồng Nai",70,,2024-12-08,https://thamvan.mae.gov.vn/Uploads/18122024/3DBao cao GPMT Nhon Trach 2.pdf,2026-09-18
4426,GPMT,Nhà máy điện rác Hậu Giang – Tổ máy số 1.,"Ấp Hòa Qưới B, xã Hòa An, huyện Phụng Hiệp, tỉnh Hậu Giang.",Công ty TNHH MTV Greenity Hậu Giang.,25-11-2024,Hết hạn,nhà máy điện,1,,Công ty TNHH MTV Greenity Hậu Giang.,"Ấp Hòa Qưới B, xã Hòa An, huyện Phụng Hiệp, tỉnh Hậu Giang.","Ấp Hòa Qưới B, xã Hòa An, huyện Phụng Hiệp, tỉnh Hậu Giang.",70,,2024-11-24,https://thamvan.mae.gov.vn/Uploads/25112024/9O25.11. BC GPMT NHA MAY RAC HAU HAU GIANG - TM SO 1.pdf,2026-09-18
4327,GPMT,Nhà máy điện tử SHINNING Việt Nam.,"Lô đất L1.18 Khu công nghiệp Đồ Sơn Hải Phòng, quận Đồ Sơn, thành phố Hải Phòng.",Công ty TNHH Điện tử Shinning Việt Nam.,04-11-2024,Hết hạn,nhà máy điện,1,,Công ty TNHH Điện tử Shinning Việt Nam.,"Lô đất L1.18 Khu công nghiệp Đồ Sơn Hải Phòng, quận Đồ Sơn, thành phố Hải Phòng.","Lô đất L1.18 Khu công nghiệp Đồ Sơn Hải Phòng, quận Đồ Sơn, thành phố Hải Phòng.",70,,2024-11-03,https://thamvan.mae.gov.vn/Uploads/04112024/3D4.11. BC DXGPMT NM SHINING.pdf,2026-09-18
4328,GPMT,"Dự án: Xây dựng nâng cấp Cảng than 30.000 DWT để tiếp nhận tàu có trọng tải đến 50.000 DWT và Cảng dầu 1.000 DWT để tiếp nhận tàu có trọng tải đến 3.000 DWT thuộc bến Cảng Nhà máy nhiệt điện Vĩnh Tân 2, khi bổ sung hạng mục công trình tạm: Dây chuyền phân tách tro xỉ.","Xã Vĩnh Tân, huyện Tuy Phong, tỉnh Bình Thuận.",Công ty Nhiệt điện Vĩnh Tân – Chi nhánh Tổng Công ty phát điện 3 –CTCP.,04-11-2024,Hết hạn,nhiệt điện,1,,Công ty Nhiệt điện Vĩnh Tân – Chi nhánh Tổng Công ty phát điện 3 –CTCP.,"Thôn Vĩnh Phúc, xã Vĩnh Tân, huyện Tuy Phong, tỉnh Bình Thuận.","Xã Vĩnh Tân, huyện Tuy Phong, tỉnh Bình Thuận.",70,,2024-11-03,https://thamvan.mae.gov.vn/Uploads/04112024/7B4.11. BC DX GPMT CTY NHIET DIEN VINH TAN.pdf,2026-09-18
4310,GPMT,Cơ sở: Nhà máy Nhiệt điện Sơn Động.,"Thị trấn Tây Yên Tử, huyện Sơn Động, tỉnh Bắc Giang.",Công ty Nhiệt điện Sơn Động - TKV.,29-10-2024,Hết hạn,nhiệt điện,1,,Công ty Nhiệt điện Sơn Động - TKV.,"Tổ dân phố Đồng Rì, thị trấn Tây Yên Tử, huyện Sơn Động, tỉnh Bắc Giang.","Thị trấn Tây Yên Tử, huyện Sơn Động, tỉnh Bắc Giang.",70,,2024-10-28,https://thamvan.mae.gov.vn/Uploads/29102024/0R29.10. BC GPMT NM NHIET DIEN SON DONG - BAC GIANG Dong.pdf,2026-09-18
4282,GPMT,Nhà máy Nhiệt điện Hải Phòng (Nhà máy 01) và Nhà máy Nhiệt điện Hải Phòng 02,"Xã Tam Hưng, huyện Thủy Nguyên, thành phố Hải Phòng",Công ty Cổ phần Nhiệt điện Hải Phòng,18-10-2024,Hết hạn,nhiệt điện,1,,Công ty Cổ phần Nhiệt điện Hải Phòng,"Xã Tam Hưng, huyện Thủy Nguyên, thành phố Hải Phòng","Xã Tam Hưng, huyện Thủy Nguyên, thành phố Hải Phòng",70,,2024-10-17,https://thamvan.mae.gov.vn/Uploads/23102024/EO5. Báo cáo đề xuất cấp GPMT Nhiệt điện Hải Phòng.pdf,2026-09-18
4200,GPMT,"Khai thác - chế biến đá xây dựng mỏ đá Lô 14 núi Thị Vải, xã Tóc Tiên, thị xã Phú Mỹ, tỉnh Bà Rịa – Vũng Tàu","Ấp 6, xã Tóc Tiên, Thị xã Phú Mỹ, tỉnh Bà Rịa - Vũng Tàu",Công ty TNHH Khai thác - Sản xuất VLXD Thuận Lập,27-09-2024,Hết hạn,phú mỹ; bà rịa,1,,Công ty TNHH Khai thác - Sản xuất VLXD Thuận Lập,"xã Tóc Tiên, thị xã Phú Mỹ, tỉnh Bà Rịa - Vũng Tàu","Ấp 6, xã Tóc Tiên, Thị xã Phú Mỹ, tỉnh Bà Rịa - Vũng Tàu",70,,2024-09-26,https://thamvan.mae.gov.vn/Uploads/08102024/363. BCĐX cấp GPMT của DA Đầu tư nâng công suất khai thác chế biến đá xây dựng mỏ đá lô 14 Núi Thị Vải cs 12.0000m3 đá nguyên khối của Cty Thuận lập-compressed.pdf,2026-09-18
4204,GPMT,Nhà máy điện tử BYD Việt Nam,"Lô CN-2A trong Khu công nghiệp Phú Hà, xã Hà Lộc, thị xã Phú Thọ, tỉnh Phú Thọ.",Công ty TNHH Điện tử BYD (Việt Nam),27-09-2024,Hết hạn,nhà máy điện,1,,Công ty TNHH Điện tử BYD (Việt Nam),"Lô CN-02A, Khu công nghiệp Phú Hà, xã Hà Lộc, thị xã Phú Thọ, tỉnh Phú Thọ. ","Lô CN-2A trong Khu công nghiệp Phú Hà, xã Hà Lộc, thị xã Phú Thọ, tỉnh Phú Thọ. ",70,,2024-09-26,https://thamvan.mae.gov.vn/Uploads/08102024/EVBC DX GPMT Dien tu BYD Viet Nam.pdf,2026-09-18
4158,GPMT,Nhà máy nhiệt điện BOT Hải Dương (Bao gồm “Dự án nhà máy nhiệt điện Hải Dương 1.200 MW” và “Nhà máy nhiệt điện Hải Dương – Hạng mục cảng chuyên dụng”),"xã Quang Thành, thị xã Kinh Môn, tỉnh Hải Dương",Công ty TNHH Điện tử Jaks Hải Dương,16-09-2024,Hết hạn,nhiệt điện,1,,Công ty TNHH Điện tử Jaks Hải Dương ,"xã Quang Thành, thị xã Kinh Môn, tỉnh Hải Dương","xã Quang Thành, thị xã Kinh Môn, tỉnh Hải Dương",70,,2024-09-15,https://thamvan.mae.gov.vn/Uploads/24092024/8LBao cao de xuat cap GPMT.pdf,2026-09-18
3100,GPMT,Nhà máy Nhiệt điện BOT Vũng Áng II (giai đoạn 1) của Công ty TNHH Nhiệt Điện Vũng Áng II (VAPCO),"Xã Kỳ Lợi, phường Kỳ Trinh và phường Kỳ Long, thị xã Kỳ Anh, tỉnh Hà Tĩnh..",Công ty TNHH Nhiệt Điện Vũng Áng II (VAPCO),19-08-2024,Hết hạn,nhiệt điện,1,,Công ty TNHH Nhiệt Điện Vũng Áng II (VAPCO),Khu kinh tế Vũng Áng - Xã Kỳ Lợi - Thị xã Kỳ Anh - Tỉnh Hà Tĩnh. ,"Xã Kỳ Lợi, phường Kỳ Trinh và phường Kỳ Long, thị xã Kỳ Anh, tỉnh Hà Tĩnh.. ",70,,2024-08-18,https://thamvan.mae.gov.vn/Uploads/27082024/4X5. Bao cao de xuat cap GPMT Nha may nhiet dien BOT VAII (To may so 1).pdf,2026-09-18
2935,GPMT,Nhà máy nhiệt điện Nghi Sơn 1,"Km 11, Đường 513, xã Hải Hà, thị xã Nghi Sơn, tỉnh Thanh Hoá",Công ty Nhiệt điện Nghi Sơn – Chi nhánh tổng công ty phát điện 1,10-07-2024,Hết hạn,nhiệt điện,1,,Công ty Nhiệt điện Nghi Sơn – Chi nhánh tổng công ty phát điện 1,"Km 11, Đường 513, xã Hải Hà, thị xã Nghi Sơn, tỉnh Thanh Hoá","Km 11, Đường 513, xã Hải Hà, thị xã Nghi Sơn, tỉnh Thanh Hoá",70,,2024-07-09,https://thamvan.mae.gov.vn/Uploads/10072024/ZYBao cao de xuat cap GPMT Dien Nghi Son 1.pdf,2026-09-18
2913,GPMT,Nhà máy Nhiệt điện Vĩnh Tân 4 mở rộng,"xã Vĩnh Tân, huyện Tuy Phong, tỉnh Bình Thuận",Nhà máy Nhiệt điện Vĩnh Tân 4 – Chi nhánh Tập đoàn Điện lực Việt Nam,28-06-2024,Hết hạn,nhiệt điện,1,,Nhà máy Nhiệt điện Vĩnh Tân 4 – Chi nhánh Tập đoàn Điện lực Việt Nam,"đường Lê Thánh Tông, phường Mỹ Bình, thành phố Phan Rang – Tháp Chàm, tỉnh Ninh Thuận","xã Vĩnh Tân, huyện Tuy Phong, tỉnh Bình Thuận",70,,2024-06-27,https://thamvan.mae.gov.vn/Uploads/03072024/39Bao cao GPMT VT4MR.pdf,2026-09-18
2889,GPMT,Nhà máy điện tử Shinning Việt Nam,"Lô đất L1.18, Khu công nghiệp Đồ Sơn Hải Phòng, phường Ngọc Xuyên, quận Đồ Sơn, thành phố Hải Phòng",Công ty TNHH Điện tử Shinning Việt Nam,17-06-2024,Hết hạn,nhà máy điện,1,,Công ty TNHH Điện tử Shinning Việt Nam,"Lô đất L1.18, Khu công nghiệp Đồ Sơn Hải Phòng, phường Ngọc Xuyên, quận Đồ Sơn, thành phố Hải Phòng","Lô đất L1.18, Khu công nghiệp Đồ Sơn Hải Phòng, phường Ngọc Xuyên, quận Đồ Sơn, thành phố Hải Phòng",70,,2024-06-16,https://thamvan.mae.gov.vn/Uploads/27062024/HI2. Bao cao GPMT_NM dien tu Shinning VN.pdf,2026-09-18
2825,GPMT,Nhà máy điện tử Foxlink Đà Nẵng,"Khu công nghệ cao Đà Nẵng, xã Hòa Liên, huyện Hòa Vang, thành phố Đà Nẵng",Công ty TNHH Điện tử Foxlink Đà Nẵng,31-05-2024,Hết hạn,nhà máy điện,1,,Công ty TNHH Điện tử Foxlink Đà Nẵng,"Khu công nghệ cao Đà Nẵng, xã Hòa Liên, huyện Hòa Vang, thành phố Đà Nẵng","Khu công nghệ cao Đà Nẵng, xã Hòa Liên, huyện Hòa Vang, thành phố Đà Nẵng",70,,2024-05-30,https://thamvan.mae.gov.vn/Uploads/11062024/IYBCDX Cty Foxlink.pdf,2026-09-18
2767,GPMT,Nhà máy nhiệt điện Quảng Ninh,"Tổ 33, Khu 5, phường Hà Khánh, thành phố Hạ Long, tỉnh Quảng Ninh.",Công ty Cổ phần nhiệt điện Quảng Ninh,20-05-2024,Hết hạn,nhiệt điện,1,,Công ty Cổ phần nhiệt điện Quảng Ninh ,"Tổ 33, Khu 5, Phường Hà Khánh, Thành phố Hạ Long, Tỉnh Quảng Ninh.","Tổ 33, Khu 5, phường Hà Khánh, thành phố Hạ Long, tỉnh Quảng Ninh. ",70,,2024-05-19,https://thamvan.mae.gov.vn/Uploads/27052024/GJ5. Báo cáo đề xuất cấp GPMT Nhiệt điện Quảng Ninh.pdf,2026-09-18
2621,GPMT,Nhà máy điện tử BYD Việt Nam,"Lô CN-02A, Khu công nghiệp Phú Hà, xã Hà Lộc, thị xã Phú Thọ, tỉnh Phú Thọ",Công ty TNHH điện tử BYD (Việt Nam),02-04-2024,Hết hạn,nhà máy điện,1,,Công ty TNHH điện tử BYD (Việt Nam) ,"Lô CN-02A, Khu công nghiệp Phú Hà, xã Hà Lộc, thị xã Phú Thọ, tỉnh Phú Thọ","Lô CN-02A, Khu công nghiệp Phú Hà, xã Hà Lộc, thị xã Phú Thọ, tỉnh Phú Thọ",70,,2024-04-01,https://thamvan.mae.gov.vn/Uploads/17042024/IOBC GPMT Nha may dien tu BYD Viet Nam.pdf,2026-09-18
2604,GPMT,Đầu tư xây dựng và kinh doanh hạ tầng kỹ thuật Khu công nghiệp Phú Mỹ 1,"phường Phú Mỹ, thị xã Phú Mỹ, tỉnh Bà Rịa - Vũng Tàu.",Công ty Đầu tư và Khai thác Hạ tầng Khu công nghiệp Đông Xuyên và Phú Mỹ 1,29-03-2024,Hết hạn,phú mỹ,1,,Công ty Đầu tư và Khai thác Hạ tầng Khu công nghiệp Đông Xuyên và Phú Mỹ 1,"số 20 đường 3 tháng 2, phường 8, thành phố Vũng Tàu, tỉnh Bà Rịa - Vũng Tàu. ","phường Phú Mỹ, thị xã Phú Mỹ, tỉnh Bà Rịa - Vũng Tàu.",70,,2024-03-28,https://thamvan.mae.gov.vn/Uploads/15042024/B0BCDX KCN Phu MY I - 1 cua.pdf,2026-09-18
2507,GPMT,Bãi chứa tro xỉ của Nhà máy nhiệt điện Sơn Động,"thị trấn Tây Yên Tử, huyện Sơn Động, tỉnh Bắc Giang",Công ty Nhiệt điện Sơn Động - TKV,05-03-2024,Hết hạn,nhiệt điện,1,,Công ty Nhiệt điện Sơn Động - TKV,"Tổ dân phố Đồng Rì, thị trấn Tây Yên Tử, huyện Sơn Động, tỉnh Bắc Giang.","thị trấn Tây Yên Tử, huyện Sơn Động, tỉnh Bắc Giang",70,,2024-03-04,https://thamvan.mae.gov.vn/Uploads/15032024/4YBao cao CPMT Bai Thai Nhiet dien Son Dong - Scan.pdf,2026-09-18
2462,GPMT,Nhà máy điện Nhơn Trạch 3 và Nhơn Trạch 4,"Xã Phước Khánh, huyện Nhơn Trạch, tỉnh Đồng Nai",Tổng Công ty Điện lực Dầu khí Việt Nam – CTCP,19-02-2024,Hết hạn,nhà máy điện; nhơn trạch,1,,Tổng Công ty Điện lực Dầu khí Việt Nam – CTCP,"Tòa nhà Viện dầu khí, 167 Trung Kính, Phƣờng Yên Hòa, quận Cầu Giấy, Tp Hà Nội ","Xã Phước Khánh, huyện Nhơn Trạch, tỉnh Đồng Nai ",70,,2024-02-18,https://thamvan.mae.gov.vn/Uploads/27022024/VCHo so GPMT.pdf,2026-09-18
2338,GPMT,Đầu tư xây dựng và kinh doanh hạ tầng kỹ thuật Khu công nghiệp Phú Mỹ II,"Thị xã Phú Mỹ, tỉnh Bà Rịa-Vũng Tàu.",Tổng công ty IDICO - CTCP,12-01-2024,Hết hạn,phú mỹ,1,,Tổng công ty IDICO - CTCP,"151A Nguyễn Đình Chiểu, phường Võ Thị Sáu, quận 3, Tp. Hồ Chí Minh. ","Thị xã Phú Mỹ, tỉnh Bà Rịa-Vũng Tàu. ",70,,2024-01-11,https://thamvan.mae.gov.vn/Uploads/18012024/WP1. Bao cao GPMT - KCN Phu My II.pdf,2026-09-18
1343,GPMT,"Đầu tư xây dựng và kinh doanh hạ tầng kỹ thuật Khu công nghiệp Nhơn Trạch 5, tỉnh Đồng Nai","thị trấn Hiệp Phước, xã Long Tân và xã Phú Hội, huyện Nhơn Trạch, tỉnh Đồng Nai.",Tổng công ty IDICO - CTCP,06-12-2023,Hết hạn,nhơn trạch,1,,Tổng công ty IDICO - CTCP,"151A Nguyễn Đình Chiểu, phường Võ Thị Sáu, quận 3, Tp. Hồ Chí Minh. ","thị trấn Hiệp Phước, xã Long Tân và xã Phú Hội, huyện Nhơn Trạch, tỉnh Đồng Nai. ",70,,2023-12-05,https://thamvan.mae.gov.vn/Uploads/06122023/C11. BAO CAO GPMT - KCN NHON TRACH 5.pdf,2026-09-18
1335,GPMT,Đầu tư và kinh doanh hạ tầng Khu công nghiệp Nhơn Trạch VI có điều chỉnh bổ sung.,"KCN Nhơn Trạch VI, xã Long Thọ, huyện Nhơn Trạch, tỉnh Đồng Nai.",Công ty TNHH MTV Đầu tư Xây dựng KCN Nhơn Trạch 6A.,30-11-2023,Hết hạn,nhơn trạch,1,,Công ty TNHH MTV Đầu tư Xây dựng KCN Nhơn Trạch 6A.,"KCN Nhơn Trạch VI, xã Long Thọ, huyện Nhơn Trạch, tỉnh Đồng Nai. ","KCN Nhơn Trạch VI, xã Long Thọ, huyện Nhơn Trạch, tỉnh Đồng Nai.",70,,2023-11-29,https://thamvan.mae.gov.vn/Uploads/06122023/696. Bao cao GPMT NT6 - M10 11.17.23.pdf,2026-09-18
311,GPMT,"Đầu tư xây dựng và kinh doanh hạ tầng kỹ thuật Khu công nghiệp Cái Mép, tỉnh Bà Rịa- Vũng Tàu (khu Bắc Khu công nghiệp Cái Mép)","KCN Cái Mép thuộc phường Phước Hòa và phường Tân Phước, thị xã Phú Mỹ, tỉnh Bà Rịa -Vũng Tàu. KCN Cái Mép thuộc phường Phước Hòa và phường Tân Phước, thị xã Phú Mỹ, tỉnh Bà Rịa -Vũng Tàu.",Tổng Công ty Xây dựng Sài Gòn - TNHH Một thành viên,03-10-2023,Hết hạn,bà rịa,1,,Tổng Công ty Xây dựng Sài Gòn - TNHH Một thành viên,"Số 86 Lê Thánh Tôn, Phường Bến Nghế, Quận 1, Thành phố Hồ Chí Minh. ","KCN Cái Mép thuộc phường Phước Hòa và phường Tân Phước, thị xã Phú Mỹ, tỉnh Bà Rịa -Vũng Tàu. KCN Cái Mép thuộc phường Phước Hòa và phường Tân Phước, thị xã Phú Mỹ, tỉnh Bà Rịa -Vũng Tàu. ",70,,2023-10-02,https://thamvan.mae.gov.vn/Uploads/03102023/YE1. BC GPMT KCN Cai Mep.14.9.pdf,2026-09-18
107,GPMT,"Cơ sở khai thác - chế biến mỏ đá PuzolanNui Sò, công suất 1.414.158 m3 vật liệu nguyên khai/năm tại xã Suối Rao, huyện Châu Đức, tỉnh Bà Rịa - Vũng Tàu. -2391/KSONMT-CN&NH  01/8","Mỏ Puzolan Núi Sò, xã Suối Rao, huyện Châu Đức, tỉnh Bà Rịa - Vũng Tàu.",Công ty TNHH Khoáng Sản Hiệp Lực,07-08-2023,Hết hạn,bà rịa,1,,Công ty TNHH Khoáng Sản Hiệp Lực,"Tổ 5, thôn 1, xã Suối Rao, huyện Châu Đức, tỉnh Bà R ịa- Vũng Tàu.","Mỏ Puzolan Núi Sò, xã Suối Rao, huyện Châu Đức, tỉnh Bà Rịa - Vũng Tàu.",70,,2023-08-06,https://thamvan.mae.gov.vn/Uploads/07082023/2BBáo cáo đề xuất cấp GPMT mỏ Núi Sò _Hiệp Lực.pdf,2026-09-18
64,GPMT,"Nhà máy điện mặt trời tại xã Phước Minh, huyện Thuận Nam, tỉnh Ninh Thuận kết hợp với đầu tư Trạm biến áp 500kV Thuận Nam và các đường dây 500kV, 220kV đấu nối vào hệ thống điện quốc gia.  2272/KSONMT-CN&NH 20/7","xã Phước Minh, xã Phước Ninh, xã Nhị Hà, xã Cà Ná, huyện Thuận Nam, tỉnh Ninh Thuận và xã Vĩnh Tân, huyện Tuy Phong, tỉnh Bình Thuận.",Công ty TNHH Điện mặt trời Trung Nam - Thuận Nam,28-07-2023,Hết hạn,nhà máy điện,1,,Công ty TNHH Điện mặt trời Trung Nam - Thuận Nam,"thôn Ba Tháp, xã Bắc Phong, huyện Thuận Bắc, tỉnh Ninh Thuận","xã Phước Minh, xã Phước Ninh, xã Nhị Hà, xã Cà Ná, huyện Thuận Nam, tỉnh Ninh Thuận và xã Vĩnh Tân, huyện Tuy Phong, tỉnh Bình Thuận. ",70,,2023-07-27,https://thamvan.mae.gov.vn/Uploads/28072023/AX5.6.2023. GPMT ĐTM Trung Nam_final.pdf,2026-09-18
