retrieved,session,country,kind,publisher,title,url,route,http_status,bytes,sha256,local_path,confidence,notes
2026-09-17,540b9338,general,private,Google Drive (work account),"regional prioritization doc (Drive export, markdown)",gdrive:1ObccNs34PI9DtW_xs1e9UqTeWRJ0-1MMU5IMLLrRFXM,gws,,91910,91ca8387767b77b8eafb66bd5dc5f1667c73970a3d6effeb402161e83ac688f5,,high,internal GEM/CREA planning doc; content not copied here; private: not kept in raw/
2026-09-17,540b9338,general,private,Google Drive (work account),"regional prioritization doc, cleaned local copy",gdrive:1ObccNs34PI9DtW_xs1e9UqTeWRJ0-1MMU5IMLLrRFXM,gws,,3780,b1db984085f62cf631ff61afa2d9065952e7da5464c2323d0b71c8b20e0c5dcc,,high,locally reformatted/cleaned copy of the same Drive doc; content not copied here; private: not kept in raw/
2026-09-17,540b9338,general,private,Google Drive (work account),"grant application form (Drive export, markdown)",gdrive:1PT1SMhUvU0B9XKZqCRVQIoC2FItef4hLVFYgznIlULk,gws,,118038,dc10d9901a1942e5e310ebe01e722dfbb57c7b35a40d69436d0df9a7aaa5e9bf,,high,internal application-form doc; content not copied here; private: not kept in raw/
2026-09-17,540b9338,general,private,Google Drive (work account),"grant application form, cleaned local copy",gdrive:1PT1SMhUvU0B9XKZqCRVQIoC2FItef4hLVFYgznIlULk,gws,,64140,ab04f1c4510611e06eafdc1400e2c4b1847a09bb4407f9e6e038eff92dc9db9b,,high,locally reformatted/cleaned copy of the same Drive doc; content not copied here; private: not kept in raw/
2026-09-17,540b9338,general,private,Google Drive (work account),"CREA emissions methods notes (Drive export, markdown)",gdrive:1rNFKCIi5wJa0mYnoJ9EShWAII0zmvyBJE15mBEWvO2E,gws,,11615,86872fadd5b6ac6f2dceb7e4f5bdf7d933db05ba09fea47ea4e8f6ae1981266c,,high,internal methods doc; content not copied here; private: not kept in raw/
2026-09-17,540b9338,general,private,Google Drive (work account),"CREA concept note (Drive export, PDF)",gdrive:1fZAZFf2k9RUWncmFHB_aW_zeEdaRZK_6,gws,,272542,3dce647b4e2fbe0b3ee93f9f6d60fedc5169a3a6f7a150a98c6675f9f295edb8,,high,internal concept note; content not copied here; private: not kept in raw/
2026-09-17,540b9338,brazil,document,IEMA (Espirito Santo),Presidente Kennedy UTE EIA chapter 2 - characterization,https://iema.es.gov.br/media/CQAI/EIA/2013/Usina%20termel%C3%A9trica%20%C3%A0%20g%C3%A1s%20-%20Presidente%20KennedyES/capitulo2-%20Caracteriza%C3%A7%C3%A3o.pdf,curl,,29825065,8c41b42cf703d310e76401ccc83c0f525755673e37306faf136acfdb1d9475f0,brazil/iema.es.gov.br/kennedy_EIA_cap2_caracterizacao.pdf,high,
2026-09-17,540b9338,brazil,document,IEMA (Espirito Santo),Presidente Kennedy UTE EIA chapter 7 - environmental prognosis,https://iema.es.gov.br/media/CQAI/EIA/2013/Usina%20termel%C3%A9trica%20%C3%A0%20g%C3%A1s%20-%20Presidente%20KennedyES/capitulo7-Progn%C3%B3stico%20ambiental.pdf,curl,,37728511,d924e0f8033c61b7806782879218dd96bdea3ed8d83c54d5941039db0a4e34fe,brazil/iema.es.gov.br/kennedy_EIA_cap7_prognostico.pdf,high,
2026-09-17,540b9338,brazil,document,IEMA (Espirito Santo),Presidente Kennedy UTE EIA chapter 1 - identification,https://iema.es.gov.br/media/CQAI/EIA/2013/Usina%20termel%C3%A9trica%20%C3%A0%20g%C3%A1s%20-%20Presidente%20KennedyES/capitulo1-Identifica%C3%A7%C3%A3o.pdf,curl,,577322,a9478cc43baa6ffd1c1779186ea5970339dcfb9de91a3f5ae925224afa9cbed3,brazil/iema.es.gov.br/kennedy_EIA_cap1_identificacao.pdf,high,
2026-09-17,540b9338,brazil,document,IEMA (Espirito Santo),GERA (Presidente Kennedy) RIMA 2013,https://iema.es.gov.br/Media/iema/Downloads/RIMAS/RIMAS_2013/2017.04.06%20-%20RIMA_GERA.pdf,curl,,21500044,6ebe3e2ff0b1632f23bcf28b352a0db36c58db12311e17e2e0dae1af36dd5394,brazil/iema.es.gov.br/kennedy_RIMA_GERA_2013.pdf,high,
2026-09-17,540b9338,brazil,document,IEMA (Espirito Santo),IEMA EIA index/relacao listing (site 24.02.2026),https://iema.es.gov.br/Media/iema/EIA-RIMA/EIA/Relacao_EIA_IEMA_site_24.02.2026.pdf,curl,,175506,c5a8dc14c63eca4804881db068bb6c79e049fa8ab4c78e7e2ac1d997d2e8d697,brazil/iema.es.gov.br/kennedy_relacao_eia_iema.pdf,high,
2026-09-17,540b9338,brazil,page,IEMA (Espirito Santo),IEMA EIA-2013-2 grupo de arquivos listing page,https://iema.es.gov.br/GrupodeArquivos/EIA-2013-2,curl,,254195,7be028866bae489806916a216dd5ec6d3b20f22bd6bd8905ea1c9deb2d4ddf49,brazil/iema.es.gov.br/eia_listing.html,high,
2026-09-17,540b9338,brazil,page,CETESB,CETESB eiarima index probe (0 bytes),https://cetesb.sp.gov.br/eiarima/,curl,,0,e3b0c44298fc1c149afbf4c8996fb92427ae41e4649b934ca495991b7852b855,,high,0-byte/failed request
2026-09-17,540b9338,brazil,page,CETESB,"CETESB eiarima index probe, retry (0 bytes)",https://cetesb.sp.gov.br/eiarima/,curl,,0,e3b0c44298fc1c149afbf4c8996fb92427ae41e4649b934ca495991b7852b855,,high,0-byte/failed request; duplicate retry of eiarima_index.html
2026-09-17,540b9338,brazil,document,CETESB,"UTE Lins EIA (EIA_249_2018, legacy host)",https://www2.cetesb.sp.gov.br/eiarima/eia/EIA_249_2018.pdf,cf_clearance,,272258351,52e25dd936cfea9d5f488f2585f2967fa3f8bf693b88da2c566761d907e88a28,brazil/cetesb.sp.gov.br/lins_EIA_249_2018.pdf,high,fetched with a Cloudflare-clearance cookie helper (cf_clearance.py) against the legacy www2 host
2026-09-17,540b9338,brazil,document,Wayback Machine / CETESB,UTE Lins RIMA 249/2018 (via Wayback Machine),https://web.archive.org/web/20240125114526/https://cetesb.sp.gov.br/eiarima/rima/RIMA_249_2018.pdf,wayback,,40375171,6ac901071c16812b3f1c556f32689a37f4458fa7ef419462ff593e2fbc8f3b55,brazil/cetesb.sp.gov.br/lins_RIMA_249_2018.pdf,high,
2026-09-17,540b9338,brazil,document,Wayback Machine / CETESB,UTE Lins ANEXOS 249/2018 (via Wayback Machine),https://web.archive.org/web/20240125114526/https://cetesb.sp.gov.br/eiarima/anexos/ANEXOS_249_2018.pdf,wayback,,24493180,0da8825ae5e5cd4508bc220448bc07d630be8fde4794507b3d8cc3797511ef63,brazil/cetesb.sp.gov.br/lins_ANEXOS_249_2018.pdf,high,saved first as anexos_test.pdf then renamed
2026-09-17,540b9338,brazil,document,SUDEMA (Paraiba),COPAM/SUDEMA deliberacao 5821 (homologacao),https://sudema.pb.gov.br/institucional/copam-1/deliberacoes/2025/deliberacao-5821-homologacao.pdf,curl,,225742,756026c144735040037ed03acdb2a6c677c982fb6fd8f4c2ade0612abecd7aa2,brazil/sudema.pb.gov.br/joaopessoa_copam_deliberacao_5821.pdf,high,
2026-09-17,540b9338,brazil,document,PPI (Programa de Parcerias de Investimentos),PPI resultado geral PDF (Joao Pessoa lead search),https://ppi.gov.br/wp-content/uploads/2026/03/Resultado-geral-1.pdf,curl,,829,5c75bf56d97e7dd945c97315513c64b35a8b8d24389500cb405fc65f23508830,brazil/ppi.gov.br/joaopessoa_ppi_resultado_geral.pdf,high,829 bytes - likely a near-empty/placeholder result page saved as PDF
2026-09-17,540b9338,brazil,document,IEMA / energiaeambiente.org.br,IEMA thermal-plants inventory 2024-2025,https://energiaeambiente.org.br/wp-content/uploads/2025/12/IEMA_inventariotermeletricas2024-2025.pdf,curl,,5029758,9ea363731831e76346eed6202439f52bdfc531c2b5a4600d6d1f8a7d63b70e66,brazil/energiaeambiente.org.br/iema_inv5.pdf,high,
2026-09-17,540b9338,brazil,document,Wayback Machine / SEMAS-PA,"SEMAS ficha tecnica - CELBA UTE Novo Tempo (via Wayback, 2023 snapshot)",https://web.archive.org/web/20230731134212/https://www.semas.pa.gov.br/wp-content/uploads/2021/05/24-Ficha-T%C3%A9cnica_Brazauro-%E2%80%93-CELBA-Usina-Termoel%C3%A9trico-UTE-Novo-Tempo.pdf,wayback,,183633,023f4d3d109d2dab063cfe66703b5379251b1d42c1c7d3cfa9aeb1b42a43d332,brazil/semas.pa.gov.br/semas_ficha_tecnica_celba_ute_novo_tempo_WAYBACK2023.pdf,high,
2026-09-17,540b9338,brazil,document,Eneva (mziq.com investor-relations file manager),Eneva Fato Relevante - Jandaia,https://api.mziq.com/mzfilemanager/v2/d/6c663f3b-ae5a-4692-81d3-ab23ee84c1de/1e932961-9537-34cd-09ab-52db552f87f9?origin=2,curl,,342223,6ea3f83fe2c1227e0f9832fe62c27dc2ef2c7508cf7042d54c3ecf5bddc5087f,brazil/api.mziq.com/Eneva_FatoRelevante_Jandaia.pdf,high,
2026-09-17,540b9338,brazil,document,"Google Drive (public share, third-party mirror)","EIA LT 500kV Portocem, Part 1",gdrive:1tEMRCXJ0S3P7lFl3v-6_-ovyWxhrPYy4,gdrive,,1165342,752a0e712e9960896f689ccc205b7e563b795afcdd283e844678d6ab0047275d,brazil/drive.google.com/EIA_LT500kV_Portocem_P1.pdf,high,downloaded via drive.google.com/uc?export=download; not a GEM/agency-hosted original
2026-09-17,540b9338,brazil,document,"Google Drive (public share, third-party mirror)","EIA LT 500kV Portocem, Part 2",gdrive:17y3LiY0axdZJeLOuYOUxY_GoHonErtIA,gdrive,,4423646,a6cf25fbf028ba3693fe5df40bf6ffa4e096a40e09f3a6505651403c9704c5cc,brazil/drive.google.com/EIA_LT500kV_Portocem_P2.pdf,high,downloaded via drive.google.com/uc?export=download; not a GEM/agency-hosted original
2026-09-17,540b9338,brazil,document,"Google Drive (public share, third-party mirror)","EIA LT 500kV Portocem, Part 3 (part 1 of 2)",gdrive:159pOenIsCoJbdbxDBBtnyAePVRwBhtmo,gdrive,,4793168,fa3fb076cd1b7f7aa8465311c52b0d2c7f65798f26c9c53f5c4be1e8d52d423f,brazil/drive.google.com/EIA_LT500kV_Portocem_P3_Parte1.pdf,high,downloaded via drive.google.com/uc?export=download; not a GEM/agency-hosted original
2026-09-17,540b9338,brazil,document,"Google Drive (public share, third-party mirror)","EIA LT 500kV Portocem, Part 3 (part 2 of 2)",gdrive:1wqMfc359hD1BlAqHpVMr4uznoH0sug9B,gdrive,,1400017,008ce171aba2b82063338f889051434bfedc380dee0cfb094cee5001f9e64185,brazil/drive.google.com/EIA_LT500kV_Portocem_P3_Parte2.pdf,high,downloaded via drive.google.com/uc?export=download; not a GEM/agency-hosted original
2026-09-17,540b9338,brazil,document,"Google Drive (public share, third-party mirror)","EIA LT 500kV Portocem, Part 4",gdrive:12DfPwqbQeSHNVmkiTm7MhtzaxAAjxp-n,gdrive,,4294448,8e575ba40ccf5332d5e1b4f1779f83c19d09a59baa9e75cc039504d435c54ddf,brazil/drive.google.com/EIA_LT500kV_Portocem_P4.pdf,high,downloaded via drive.google.com/uc?export=download; not a GEM/agency-hosted original
2026-09-17,540b9338,brazil,document,IFC Disclosures Service,Porto Sergipe I - IFC EIA PBAq (air quality monitoring program) rev2,https://disclosuresservice.ifc.org/api/File/downloadfile?id=%5C39652_ESRS%5CIntegrated_ESIA_Executive_Summary_PBAq_rev2.pdf,curl,,1100958,995d69185ff83344ca73eeafbf2c5dc757ad1aaf2a0207de1b9997dd0bd2f361,brazil/disclosuresservice.ifc.org/PortoSergipeI_IFC_EIA_PBAq_MonitoramentoQualidadeAr_rev2.pdf,high,
2026-09-17,540b9338,brazil,document,IFC Disclosures Service,Porto Sergipe I - IFC EIA Anexo II (atmosfera),https://disclosuresservice.ifc.org/api/File/downloadfile?id=%5C39652_ESRS%5CIntegrated_ESIA_Exec_Summary_Anexo_II.+Atm.pdf,curl,,10170826,8fb44dac284525aceee9fda9d3940331ce9faa41b60a3da66ee0f5248a492496,brazil/disclosuresservice.ifc.org/PortoSergipeI_IFC_EIA_AnexoII_Atmosfera.pdf,high,
2026-09-17,540b9338,brazil,document,IFC Disclosures Service,Porto Sergipe I - IFC EIA PCAO (atmospheric control program) rev2,https://disclosuresservice.ifc.org/api/File/downloadfile?id=%5C39652_ESRS%5CIntegrated_ESIA_Executive_Summary_PCAO_rev2.pdf,curl,,9089563,a45b99d3192e5c92eb38f6de30571960255eb8987d38e21704541dcffd38a53d,brazil/disclosuresservice.ifc.org/PortoSergipeI_IFC_EIA_PCAO_ProgramaControleAtmosferico_rev2.pdf,high,
2026-09-17,540b9338,brazil,document,IDB Invest,Porto Sergipe I - IDB Invest ESRS 2017,https://idbinvest.org/sites/default/files/environmental-and-social-review-summary-274-en.pdf,curl,,32315,aca807514a309b2e42fc5f6c4374343e10dbd24ff4accb9fe6c3ca0640df84ca,brazil/idbinvest.org/PortoSergipeI_IDBInvest_ESRS_2017.pdf,high,
2026-09-17,540b9338,brazil,document,IDB Invest,Porto Sergipe I / CELSE - IDB Invest ESRS ESAP 2018,https://idbinvest.org/sites/default/files/2018-12/celse_esrs_esap_final_oct_17_0eng.pdf,curl,,376582,b5cd3a9938e0fa2d88ddb4a80a7bb9ac3abd6627f1c3cd2f03ea3493c441cdc6,brazil/idbinvest.org/PortoSergipeI_IDBInvest_ESRS_ESAP_2018.pdf,high,
2026-09-17,540b9338,vietnam,document,MAE / thamvan.mae.gov.vn (consultation portal),Hai Lang LNG phase 1 DTM (full scanned report),https://thamvan.mae.gov.vn/Uploads/05012024/FBDTM%20du%20an%20LNG%20Hai%20Lang%20Giai%20doan%201%20-%20Bao%20cao%20day%20du%20%28scan%29.pdf,curl,,123714269,8e53cd9177f1c980fe1358dc7d3d476b58babc1a294aece31c1a84607b873a14,vietnam/thamvan.mae.gov.vn/hailang_dtm_2024.pdf,high,
2026-09-17,540b9338,vietnam,document,MAE / thamvan.mae.gov.vn (consultation portal),Nhon Trach 3/4 GPMT report (portal id 2462),https://thamvan.mae.gov.vn/Uploads/27022024/VCHo%20so%20GPMT.pdf,curl,,2083324,68a75946845f1d9b13d29a28621619ad6dbd29046f6bd9e25d144748fea677e1,vietnam/thamvan.mae.gov.vn/nhontrach34_gpmt_2024.pdf,high,URL taken directly from walls/thamvan_gas_entries.json entry '2462'
2026-09-17,540b9338,vietnam,document,MAE / thamvan.mae.gov.vn (consultation portal),Quang Trach II LNG DTM full report (portal id 4954),https://thamvan.mae.gov.vn/Uploads/23052025/RA21.5..%20BC%20DTM%20NM%20NHIET%20DIEN%20LNG%20QUANG%20TRACH%20II.pdf,curl,,44775390,5a651672ac36e400b819ce2488b7dd37daa32909fc1eb3e779b540a94af075f7,vietnam/thamvan.mae.gov.vn/quangtrach2_dtm_2025.pdf,high,URL taken directly from walls/thamvan_gas_entries.json entry '4954'
2026-09-17,540b9338,vietnam,document,MAE / thamvan.mae.gov.vn (consultation portal),Quang Trach III (LNG-QT3) DTM full report (portal id 6086),https://thamvan.mae.gov.vn/Uploads/30122025/IZ8O%5BLNG-QT3%5D%20BaoCao_DTM_LNG_QT3_Full-2025.12.pdf,curl,,59348617,13bd275f2b3e273f8258245cea2f2208c2027821db2d571424a75301bbdc709c,vietnam/thamvan.mae.gov.vn/quangtrach3_dtm_2025.pdf,high,URL taken directly from walls/thamvan_gas_entries.json entry '6086'
2026-09-17,540b9338,vietnam,document,MAE / thamvan.mae.gov.vn (consultation portal),Ca Na LNG DTM full report (portal id 6315),https://thamvan.mae.gov.vn/Uploads/08062026/L5Bao%20cao%20%C4%90TM%20nh%C3%A0%20m%C3%A1y%20nhi%E1%BB%87t%20%C4%91i%E1%BB%87n%20LNG%20C%C3%A0%20N%C3%A1%20tham%20v%E1%BA%A5n.pdf,curl,,253197144,b3e3bae278643649e7c47f58ef992e07d018cfa51c77f1a8b3a6e981ae2079a0,vietnam/thamvan.mae.gov.vn/cana_dtm_2026.pdf,high,URL taken directly from walls/thamvan_gas_entries.json entry '6315'
2026-09-17,540b9338,vietnam,document,MAE / thamvan.mae.gov.vn (consultation portal),Nhon Trach 2 GPMT report (portal id 4530),https://thamvan.mae.gov.vn/Uploads/18122024/3DBao%20cao%20GPMT%20Nhon%20Trach%202.pdf,curl,,8657316,031784da43c93fcab7f6349d780f9ed9690afe80b915e64aa0a286d4e64963f4,vietnam/thamvan.mae.gov.vn/nhontrach2_gpmt_2024.pdf,high,URL taken directly from walls/thamvan_gas_entries.json entry '4530'
2026-09-17,540b9338,vietnam,document,MAE / thamvan.mae.gov.vn (consultation portal),Hai Phong LNG DTM full report (portal id 5824),https://thamvan.mae.gov.vn/Uploads/08082025/UJ08.8.%20BC%20DTM%20DA%20NM%20NHIET%20DIEN%20LNG%20HP.pdf,curl,,76209718,f384642937bf7b5846da2d03f6aae517bbc714f6abde9085064a2b3fc23b7380,vietnam/thamvan.mae.gov.vn/haiphong_dtm_2025.pdf,high,URL taken directly from walls/thamvan_gas_entries.json entry '5824'
2026-09-17,540b9338,vietnam,document,MAE / thamvan.mae.gov.vn (consultation portal),O Mon I GPMT report,https://thamvan.mae.gov.vn/Uploads/22052026/8X4.1.%20BC%20GPMT%20Nhi%E1%BB%87t%20%C4%91i%E1%BB%87n%20%C3%94%20M%C3%B4n%20I.pdf,curl,,29880690,804f3b22026f2c213119479d9545f10c288803acca0b9eae3655eb66396faaf2,vietnam/thamvan.mae.gov.vn/omon1_gpmt_2026.pdf,high,
2026-09-17,540b9338,vietnam,document,MAE / thamvan.mae.gov.vn (consultation portal),O Mon I GPMT report - appendix,https://thamvan.mae.gov.vn/Uploads/22052026/4.2.%20Ph%E1%BB%A5%20l%E1%BB%A5c%20b%C3%A1o%20c%C3%A1o%20GPMT%20nhi%E1%BB%87t%20%C4%91i%E1%BB%87n%20%C3%94%20M%C3%B4n%20I_C%E1%BA%A7n%20Th%C6%A1.pdf,curl,,79546334,686dff26b38e939315748987a20e222e3746f93bc4c4eebc786cc82c8fa97f4b,vietnam/thamvan.mae.gov.vn/omon1_gpmt_2026_appendix.pdf,high,
2026-09-17,540b9338,vietnam,document,Siemens (assets.new.siemens.com),Hiep Phuoc - Siemens press release 2019,https://assets.new.siemens.com/siemens/assets/api/uuid:d3b4ba4e-4e35-4e0e-8dbf-d00ffd4444ff/PR-20191112-Hiep-Phuoc-final-VN_original.pdf,curl,,105325,7afac485fc5cc6bec261bbbfb8f933d37262aa2acc05157a4b6f0f8fb9ca3e8f,vietnam/assets.new.siemens.com/hiepphuoc_siemens_pr_2019.pdf,high,
2026-09-17,540b9338,vietnam,document,MAE / thamvan.mae.gov.vn (consultation portal),Thai Binh LNG DTM report,https://thamvan.mae.gov.vn/Uploads/06062025/TL06.06.%20BC%20DTM%20DA%20NM%20NHIET%20DIEN%20LNG%20THAI%20BINH.pdf,curl,,66729945,1bf57e3f1bc41a98b47ef26859784f05d8b244d98b69367de22cbd6cf3aa03dd,vietnam/thamvan.mae.gov.vn/thaibinh_thamvan_eia_2025.pdf,high,
2026-09-17,540b9338,vietnam,document,JICA/NEXI (nexi.go.jp),"NEXI ESIA - TGNL pipeline (wrong project, not the intended Vietnam Block B lead)",https://www.nexi.go.jp/environment/info/pdf/ESIA1-1.pdf,curl,,752029,a0f1d9e2b0dedd241590194d3168f17adb0a557fc1f8840657e99f57e0672072,vietnam/nexi.go.jp/blockb_nexi_DEADEND_wrong_project_nigeria.pdf,high,"dead-end lead: downloaded while chasing a Vietnam Block B reference, but the document turned out to cover a Nigeria pipeline project, not Vietnam; renamed with DEADEND marker"
2026-09-17,540b9338,vietnam,page,ADB,ADB project 43400-013 (O Mon IV) main page,https://www.adb.org/projects/43400-013/main,curl,,5766,69d59c851b78159220089a0a25c44ac91597297e0146f29c01da6dcb2674898e,vietnam/adb.org/omon4_adb.html,high,
2026-09-17,540b9338,vietnam,page,ADB,ADB project 43400-013 main page (with project-documents anchor),https://www.adb.org/projects/43400-013/main#project-documents,curl,,20189,3afb337b8b4b3508b8af7aec5290a112c60478e27e8af8f4d9bd30084b499253,vietnam/adb.org/omon4_adb_main.html,high,
2026-09-17,540b9338,vietnam,page,ADB,ADB project 43400-013 documents listing,https://www.adb.org/projects/43400-013/documents,curl,,1727,8331d8452668b750e99a61abd5c6586bb98fb68ecc91ee301494fa6ae7967b7f,vietnam/adb.org/omon4_adb_docs.html,high,
2026-09-17,540b9338,vietnam,document,ADB,ADB O Mon IV EIA (linked document 43400-013-vie-eiaab),https://www.adb.org/sites/default/files/linked-documents/43400-013-vie-eiaab.pdf,curl,,12075610,3dacb22a310085f1c3a25afd59325be2d285d002ac6f8a17976671c2080e6ef9,vietnam/adb.org/omon4_eia.pdf,high,
2026-09-17,540b9338,vietnam,document,MAE (Vietnam Ministry - legal document system),QCVN 19:2024 industrial emissions standard (signed),https://mae.gov.vn/noidung/Lists/VBQPPL/Attachments/519/QCVN%20Khi%20thai%20cong%20nghiep_Signed.pdf,curl,,1147018,10f93cf948f523cbaa696aee52f1c9b75cf003c70cba3209361d757b8f870e97,vietnam/mae.gov.vn/qcvn19_2024.pdf,high,
2026-09-17,540b9338,vietnam,document,MOEJ / env.go.jp (Japan Ministry of Environment mirror),"QCVN 22:2009 (Vietnam power-plant emissions standard, MOEJ-hosted mirror)",https://www.env.go.jp/air/tech/ine/asia/vietnam/files/law/QCVN%2022-2009.pdf,curl,,92065,c5318c8e1f737adf717e9bb6a2cb19958cc8838ce29ae7840371f8e82875938b,vietnam/env.go.jp/qcvn22_2009.pdf,high,
2026-09-17,540b9338,vietnam,page,MAE / thamvan.mae.gov.vn,thamvan portal DSDTM (DTM listing) page,https://thamvan.mae.gov.vn/Home/DSDTM,curl,,30301,9cac8728a466a3b4b9d75f8ad439d2e9f6d094db00b4cd56174189727de79103,vietnam/thamvan.mae.gov.vn/thamvan_dsdtm.html,high,
2026-09-17,540b9338,vietnam,document,PV Power (pvpower.vn),Nhon Trach 3&4 CCPP - SMBC CM04 submission (Mar 2025),http://pvpower.vn/pow-media/to-pr/608429100-SMBC-CM04_Nhon-Trach-3amp4-CCPP_Mar2025_submission-1.pdf,curl,,6231968,e6c956ec1833a668c243083be2635d10bad02fd23291c2d0919bf3d07aac09a5,vietnam/pvpower.vn/nhontrach34_smbc_cm04.pdf,high,
2026-09-17,540b9338,brazil,probe-group,CETESB,"CETESB WAF/portal probes (home, licenciamento, eiarima index variants, consultas)",https://www.cetesb.sp.gov.br/cetesb ; https://cetesb.sp.gov.br/licenciamentoambiental/ ; https://cetesb.sp.gov.br/eiarima/eia/ ; https://www.cetesb.sp.gov.br/cetesb/licenciamento ; https://www.cetesb.sp.gov.br/cetesb/transparencia/consultas_publicas,curl,,206126,54ab0d7c95bd95d3d0e1b0e11db8235f334577ac96316b89f6156d35640a6907,,medium,"grouped probe-group row also covering walls/cetesb_licenc.html, walls/cetesb_eiarima2.html (identical sha256/size to cetesb_home.html - all landed on the same page, likely a block/redirect page), walls/cetesb_lic.html, walls/cetesb_consultas.html"
2026-09-17,540b9338,brazil,probe-group,CETESB (www2 legacy host),"CETESB www2 legacy-host probes (licenciamento, eiarima index, eiarima licenciamento)",https://www2.cetesb.sp.gov.br/licenciamentoambiental/ ; https://www2.cetesb.sp.gov.br/eiarima/ ; https://www2.cetesb.sp.gov.br/licenciamentoambiental/eia-rima/,curl,,152162,3f0a898021076cd29bba49a3c4905fb13fee68a918fe4c8d34ea4ff1b9451a64,,high,grouped probe-group row also covering walls/www2_eiarima.html (0 bytes) and walls/www2_lic_eiarima.html
2026-09-17,540b9338,brazil,probe-group,SEMACE (Ceara),SEMACE licensing-portal probes (natuur system + block-page test),https://natuur.semace.ce.gov.br/ ; https://www.semace.ce.gov.br/,curl,,28799,f363087e68ad951d8532203ea75b7e77f801fee375f8d0efedc8f72b48e92865,,medium,"grouped probe-group row also covering walls/semace_test.html (309 bytes, block-page probe)"
2026-09-17,540b9338,vietnam,probe-group,MAE / thamvan.mae.gov.vn,thamvan portal detail-page stubs (numbered project ids probed while enumerating gas-plant entries),https://thamvan.mae.gov.vn/ (home) plus per-id detail-page requests,curl,,33722,c87e408e42048965f256d210852b8e9f5a461871fb9bf7cfe51aca4f7bdee566,,high,"grouped probe-group row covering walls/thamvan_home.html plus the numbered stub pages walls/thamvan_2462.html, thamvan_4954.html, thamvan_6303.html, thamvan_6315.html, thamvan_4786.html, thamvan_5894.html, thamvan_1375.html, thamvan_4985.html, thamvan_1440.html, thamvan_4530.html, thamvan_5824.html, thamvan_6086.html (all 8107 bytes, identical template) - these are the html shells probed before the actual PDFs were located and pulled into vietnam_portal/"
2026-09-17,540b9338,vietnam,dataset,MAE / thamvan.mae.gov.vn (scraped by local script),thamvan portal scrape outputs - gas-plant entry search hits and file-URL index,"n/a (locally generated by scraping thamvan.mae.gov.vn, not a single downloaded URL)",curl,,11456,dd4f26a522c06ae10fa27309e1e20f279c1631d4af644f0bae7bd84b483705c8,vietnam/thamvan.mae.gov.vn/thamvan_search_hits.json,high,"grouped dataset row covering walls/thamvan_search_hits.json, walls/thamvan_search_hits2.json, walls/thamvan_gas_entries.json (the authoritative URL index used to resolve vietnam_portal/*.pdf above), and walls/thamvan_files.json (2 bytes, empty result)"
2026-09-17,540b9338,vietnam,page,MAE / thamvan.mae.gov.vn (site scripts),thamvan portal client-side JS assets fetched while reverse-engineering the search API,https://thamvan.mae.gov.vn/Scripts/JSController/XemChiTiet.js ; https://thamvan.mae.gov.vn/Scripts/JSBase/config.js,curl,,3400,7b86baaea0ee68d843071ebc1cd32f4a66eba60ec5334035e971c59e5be78f5f,vietnam/thamvan.mae.gov.vn/XemChiTiet.js,high,grouped row also covering walls/config.js
2026-09-17,540b9338,brazil,document,CETESB (www2 legacy host),UTE Lins RIMA 249/2018 (direct www2 host attempt),https://www2.cetesb.sp.gov.br/eiarima/rima/RIMA_249_2018.pdf,curl,,40375171,6ac901071c16812b3f1c556f32689a37f4458fa7ef419462ff593e2fbc8f3b55,brazil/cetesb.sp.gov.br/lins_RIMA_249_2018.pdf,high,"identical sha256 to brazil/lins_RIMA_249_2018.pdf - same document, direct-host attempt alongside the Wayback fetch used as the final route; identical to another row; one copy kept"
2026-09-17,540b9338,vietnam,dataset,Wayback Machine (CDX API),Wayback CDX index of archived thamvan.monre.gov.vn snapshots (searched for Can Tho / Block B leads),http://web.archive.org/cdx/search/cdx?url=thamvan.monre.gov.vn*&output=text&limit=500,wayback,,11832,e084d527921708642a79724e9f0210da659bbc0905c6ce9a3a1f416e4628091c,vietnam/web.archive.org/monre_cdx.txt,high,"CDX listing used to search for archived snapshots, not a document itself"
2026-09-18,1565c1b9,brazil,document,IBAMA (SharePoint document library),UTE Suape V EIA/licensing package - Parecer Tecnico 172 (SEI doc 25504870),https://ibamagovbr.sharepoint.com/sites/EstudosAmbientais/_api/web/GetFileByServerRelativeUrl('/sites/EstudosAmbientais/Documentos Compartilhados/Licenciamento/Termeletricas/UTE Suape 5/4. SEI_25504870_Parecer_Tecnico_172.pdf')/$value,sharepoint_rest,,62772,a07a04a4ee29057ce97fe9434014229d8610cef6764bbdcd45cbfb6156b5561f,brazil/ibamagovbr.sharepoint.com/suape5_pt172.pdf,high,"Fetched via SharePoint REST GetFileByServerRelativeUrl against ibamagovbr.sharepoint.com/sites/EstudosAmbientais, authenticated with a FedAuth cookie obtained from the anonymous share-link redirect (see ladder/sp.html row). Server-relative path literal from command."
2026-09-18,1565c1b9,brazil,document,IBAMA (SharePoint document library),UTE Porto Suape V - RAS (Relatorio Ambiental Simplificado),https://ibamagovbr.sharepoint.com/sites/EstudosAmbientais/_api/web/GetFileByServerRelativeUrl('/sites/EstudosAmbientais/Documentos Compartilhados/Licenciamento/Termeletricas/UTE Suape 5/2. RAS-UTE Porto Suape V.pdf')/$value,sharepoint_rest,,4213685,4f72bfdad1422c863c8c4b359aa25442c4afc09d2990ca8ce6e89fd3fca06164,brazil/ibamagovbr.sharepoint.com/suape5_ras.pdf,high,Fetched via same SharePoint REST mechanism as suape5_pt172.pdf; states 4380 h/yr operating hours and only CONAMA emission limits per the findings doc.
2026-09-18,1565c1b9,brazil,probe-group,SharePoint (Microsoft; IBAMA-owned site),Anonymous SharePoint share-link folder-listing probe (source of FedAuth cookie for REST calls),https://ibamagovbr.sharepoint.com/:f:/s/LicenciamentoTeste/EoV6g0gR2wFBk668lwp8GD0BDhYVlZwOvmnhqXHoA1JxAg,sharepoint_rest,,448693,89263d4664d3e5292d508163286bb42f9c1fd5ffc74b74fe39798550b2005721,,high,Initial GET of the anonymous share link used to establish the FedAuth session cookie before scripted GetFolderByServerRelativeUrl/GetFileByServerRelativeUrl REST calls against the Termeletricas study library.
2026-09-18,1565c1b9,brazil,probe-group,gov.br (IBAMA public-hearings pages),IBAMA public-hearings page probe for UTE mentions (failed/empty),https://www.gov.br/ibama/pt-br/assuntos/laf/consultas/audiencias-publicas,curl,,26,6bbcea2b37bd092cc60604157a0ceec8944866fc2478f7af8aea3c3df40bc258,,medium,"Two URLs probed in one loop writing to the same output file (https://www.gov.br/ibama/pt-br/assuntos/laf/audiencias-publicas tried first, then the consultas/ variant shown here); final file is only 26 bytes, i.e. an effectively empty/failed result."
2026-09-18,1565c1b9,brazil,page,IBAMA,IBAMA licensing search - empty search form (consulta_empreendimentos.php),https://servicos.ibama.gov.br/licenciamento/consulta_empreendimentos.php,curl,,30770,14bcd9c263eb5a8691087006f77b2820661cf1319abe865918f05b3f7b6c62f6,brazil/servicos.ibama.gov.br/form.html,high,Plain GET establishing the session cookie jar for subsequent form POSTs.
2026-09-18,1565c1b9,brazil,page,IBAMA,IBAMA licensing search results list - vartipologia=9 (thermoelectric) process list,https://servicos.ibama.gov.br/licenciamento/consulta_empreendimentos.php,form_post,,450653,7c571d3ef1d800d9fc8bf51539d9fe645f9a075aa66a92ab8373487e24480c6a,brazil/servicos.ibama.gov.br/list.html,high,POST body formDinAcao=Pesquisar&vartipologia=9 against the same endpoint as form.html.
2026-09-18,1565c1b9,brazil,page,IBAMA,"IBAMA process detail - ""Informacoes do processo"" tab (cod_empreendimento=125832)",https://servicos.ibama.gov.br/licenciamento/consulta_empreendimentos.php,form_post,,14094,f4f0cfc7f892e853c6de2dea760a8eeec4ac486524b07c7a8ceba3a0307dd473,brazil/servicos.ibama.gov.br/t_Info.html,high,POST body formDinAcao=Informacoes do processo&modulo=empreendimento&cod_empreendimento=125832.
2026-09-18,1565c1b9,brazil,page,IBAMA,"IBAMA process detail - ""Documentos do processo"" tab (cod_empreendimento=125832)",https://servicos.ibama.gov.br/licenciamento/consulta_empreendimentos.php,form_post,,12549,996c01dae10f12866b7bf02c069eedf115f32389cba339de6bde9255e6520c9d,brazil/servicos.ibama.gov.br/t_Docu.html,high,POST body formDinAcao=Documentos do processo&modulo=empreendimento&cod_empreendimento=125832.
2026-09-18,1565c1b9,brazil,dataset,IBAMA (derived; GEM-compiled),IBAMA licensing process database - compiled per-process info+documents JSON (98 processes),https://servicos.ibama.gov.br/licenciamento/consulta_empreendimentos.php,form_post,,147066,9adef58d6256e73dd3e9896e38478f0ed07df5b42137b54b496ed9c930842552,brazil/servicos.ibama.gov.br/ibama_full.json,high,"Compiled by looping formDinAcao=Informacoes do processo / Documentos do processo POSTs over ~98 cod_empreendimento values (the per-process raw HTML responses live in ibama/raw/, excluded from this catalog per scope rules as per-process HTML already logged separately). Full list of 98 processes and method documented in emissions/findings/brazil_ibama_20260918.md."
2026-09-18,1565c1b9,brazil,page,IBAMA,"IBAMA document-open redirect probe (formDinAcao=btngdAbrir, cod_documento=74717) - headers dump",https://servicos.ibama.gov.br/licenciamento/consulta_empreendimentos.php,form_post,,331,77386b06fdb7148a39a492879c28f6a290b8e69ae397ed513966028fdc3d4d9e,brazil/servicos.ibama.gov.br/h.txt,high,HTTP response headers (curl -D) from the same POST that produced ibama/lp.bin; both come from formDinAcao=btngdAbrir&modulo=documentos&cod_documento=74717&cod_empreendimento=124475.
2026-09-18,1565c1b9,brazil,page,IBAMA,IBAMA document-open redirect probe response body (saved as .bin but content is HTML),https://servicos.ibama.gov.br/licenciamento/consulta_empreendimentos.php,form_post,,13950,91ea89d76767735db834e332a2fd83626e7e8036636915fdb45d2ce430ec3262,brazil/servicos.ibama.gov.br/lp.bin,medium,"Saved as .bin but `file` reports HTML content, ISO-8859 text - the intermediate redirect/wrapper page, not the actual PDF. The real document was recovered separately as ibama/lp_termolinhares.pdf via the documentos.php direct link. Failed/wrong-content-type intermediate artifact."
2026-09-18,1565c1b9,brazil,document,IBAMA,IBAMA LP 683/2023 - TermoLinhares I+II preliminary licence (LP),https://servicos.ibama.gov.br/licenciamento/modulos/documentos.php?cod_documento=74717&donwload=,curl,,33533,4d4773726dd79ab1d4ec5b03d48c4cbee463bf17123afb003cb009eae3b25f7b,brazil/servicos.ibama.gov.br/lp_termolinhares.pdf,high,"Direct GET with the session cookie jar reused from the btngdAbrir POST; confirmed by brazil_ibama_20260918.md as IBAMA 02001.018604/2022-41, LP covering TermoLinhares I+II up to 2100 MW."
2026-09-18,1565c1b9,brazil,page,IBAMA (SEI - Sistema Eletronico de Informacoes),IBAMA SEI public process search - captcha-gated,https://sei.ibama.gov.br/sei/modulos/pesquisa/md_pesq_processo_pesquisar.php?acao_externa=protocolo_pesquisar&acao_origem_externa=protocolo_pesquisar&id_orgao_acesso_externo=0,curl,,189056,bd14841dc8b5a43550d11dca7811da53350efb10b0e5097d19ffccef80016f88,brazil/sei.ibama.gov.br/p.html,high,"Third of three URLs tried in one loop that overwrote the same output file (https://sei.ibama.gov.br/modulos/pesquisa/md_pesq_processo_pesquisar.php?... and https://sei.ibama.gov.br/ were tried first); confirmed captcha-gated, manual access only, per emissions/findings/brazil_ibama_20260918.md. filemap.csv's heuristic mapping of this file to a Vietnam thamvan URL is WRONG - this is Brazil's SEI system, unrelated to thamvan.mae.gov.vn."
2026-09-18,1565c1b9,brazil,probe-group,IBAMA,IBAMA licensing search: Informações and Documentos tabs for the 98 thermal-plant processes (196 pages),"https://servicos.ibama.gov.br/licenciamento/consulta_empreendimentos.php (POST modulo=empreendimento, cod_empreendimento=<n>)",form_post,,3092542,,brazil/servicos.ibama.gov.br/process_pages/,high,"pages name 5 private individuals as developers; kept locally only, withheld from the committed process CSV"
2026-09-18,4f8176e9,brazil,document,INEMA-BA,UTE Global VII full EIA volume 1,https://www.ba.gov.br/inema/sites/site-inema/files/migracao_2024/arquivos/wp-content/files/EIA.pdf,curl,,49776121,726017a1f812dd9747e223f0c5dd35d5759785458d47ae4217263d5b6edd6382,brazil/ba.gov.br/eia_globalvii_v1b.pdf,high,successful retry after eia_globalvii_vol1.pdf (old inema.ba.gov.br host) returned a much smaller file
2026-09-18,4f8176e9,brazil,page,SEMAD-GO (Goias state environment portal),SEMAD-GO portal homepage probe,https://portal.meioambiente.go.gov.br/,curl,,407,4468412de4d5f32d629abea32e66eb8f447ec9ba76dcc55e62d434cd2664faa5,brazil/portal.meioambiente.go.gov.br/semad_portal.html,high,tiny 407-byte response; portal is a JavaScript app not scriptable with curl
2026-09-18,4f8176e9,brazil,document,IMA-AL,RIMA UTE Pilar Nova,https://www2.ima.al.gov.br/wp-content/uploads/2023/03/RIMA-UTE-PILAR-NOVA.pdf,curl,,6075962,adeff41b35f9b2e6e6ccc3114f160270c45dee08b0dde84237706108c9ef28dc,brazil/ima.al.gov.br/rima_pilar.pdf,high,
2026-09-18,4f8176e9,general,private,Gmail (work account),internal email thread re Brazil emissions-scoping coordination,gmail thread 1a0b4b5db901c3ee (work account),gws,,61164,,,high,fetched via gws-gem (read-only) gmail threads get; no content/subject copied; private: not kept in raw/
2026-09-18,4f8176e9,brazil,document,INEMA-BA,RIMA UTE Barra do Rocha I,https://www.ba.gov.br/inema/sites/site-inema/files/migracao_2024/arquivos/wp-content/files/RIMA_Usina_Termeletrica_Barra_do_Rocha_I.pdf,curl,,2167341,57c52aed4d91a65b47841913f55c6c149a05385c54152256c5368a3cd7a71d65,brazil/ba.gov.br/rima_barradorocha.pdf,high,
2026-09-18,4f8176e9,brazil,page,CPRH-PE,CPRH process-tracking page probe,https://www2.cprh.pe.gov.br/licenciamento-ambiental/acompanhe-seu-processo/,curl,,96698,db90e1b283d47894624932e956946f48450ede6545a6fc231faa958c38ad4e91,brazil/cprh.pe.gov.br/cprh_acompanhe.html,high,fetched with curl -k (bad TLS certificate on cprh.pe.gov.br)
2026-09-18,4f8176e9,brazil,document,IPAAM-AM,UTE Manaus III full EIA,http://www.ipaam.am.gov.br/wp-content/uploads/2024/03/EIA-MANAUS-III-site.pdf,curl,,38170377,2fde00b1aed1b9e5d92ffb07a94beccd6d40f08fd6951516c7ba421ef9e639da,brazil/ipaam.am.gov.br/eia_manaus3.pdf,high,
2026-09-18,4f8176e9,brazil,page,CPRH-PE,CPRH EIA/RIMA library listing page,https://www2.cprh.pe.gov.br/publicacoes-e-transparencia/eia-rima/,curl,,106954,78079ca72fa05fea7c77a66c7298b7e15d29b9250a54296e8aa9e023ff74fc70,brazil/cprh.pe.gov.br/cprh_eiarima.html,high,curl -k for bad TLS certificate
2026-09-18,4f8176e9,brazil,document,CPRH-PE,generic/template EIA document on CPRH site (not confirmed plant-specific),https://www2.cprh.pe.gov.br/wp-content/uploads/2021/01/estudo-de-impacto-ambiental.pdf,curl,,22858544,ffa9002e145fd19ff337965ea7411011fcd37bf867511bcd0f9fdd8ae044a186,brazil/cprh.pe.gov.br/cprh_eia_generic.pdf,medium,filename and content suggest a generic template rather than a named plant's EIA; curl -k
2026-09-18,4f8176e9,brazil,page,INEA (Rio de Janeiro state environment agency),INEA-RJ EIA/RIMA library page (via Wayback; live site blocked),https://web.archive.org/web/20231004072258/https://www.inea.rj.gov.br/eia-rima/,wayback,,40508,1f3c9b1f4617e2ecbd822408c333ee0861818b77e3cee2afd78e0fa9c901dafa,brazil/inea.rj.gov.br/inea_eiarima.html,high,live inea.rj.gov.br refuses/times out from a US address; Wayback used instead
2026-09-18,4f8176e9,general,private,Gmail (work account),internal email thread re Brazil emissions-scoping coordination,gmail thread 1a0a7c1faddfa2fc (work account),gws,,12870,,,high,fetched via gws-gem (read-only) gmail threads get; no content/subject copied; private: not kept in raw/
2026-09-18,4f8176e9,brazil,page,INEA (Rio de Janeiro state environment agency),INEA-RJ process-consultation page (via Wayback; live site blocked),https://web.archive.org/web/20190516104553/http://www.inea.rj.gov.br:80/inea-licenciamento-pos-licenca-e-fiscalizacao/consultar-processo/,wayback,,33570,bfee08a2bf1efad770e0cc73c4f1c037f9cdb3c3e7d521a15b3d3d56b9b9fa77,brazil/inea.rj.gov.br/inea_consulta.html,high,
2026-09-18,4f8176e9,brazil,document,INEMA-BA,failed alternate fetch of UTE Global VII EIA volume 1 (old host),http://www.inema.ba.gov.br/wp-content/uploads/2015/09/01.-EIA_Volume-1_Caracteriza%C3%A7%C3%A3o-do-Empreendimento.pdf,curl,,125593,c33a85948b9feacf9c53a773711edc2a670cfdc39e6e60152a1780e5b5641532,brazil/inema.ba.gov.br/eia_globalvii_vol1.pdf,high,small file (125KB) vs. the 49MB successful eia_globalvii_v1b.pdf from the new host — likely an error/redirect page not the real EIA; superseded
2026-09-18,4f8176e9,brazil,document,IBAMA / gov.br,IBAMA 2025 Termo de Referencia (ToR) for thermal-plant EIA studies,https://www.gov.br/ibama/pt-br/assuntos/notas/2025/ibama-publica-novo-termo-de-referencia-para-estudo-de-impacto-ambiental-de-usinas-termeletricas/2025-06-26_tr_termeletricas_revisao_pos_consulta_final.pdf,curl,,746470,f2f2e239bd28ac445979b57ac77e08a33ca697308784447657f06b7e54b366e5,brazil/gov.br/tr_ute.pdf,medium,script had a Wayback fallback if the live gov.br URL failed; not confirmed from transcript output which branch actually served the file
2026-09-18,4f8176e9,brazil,page,gov.br / IBAMA (via Wayback),Wayback snapshot of IBAMA's 2025 note announcing new ToR for thermal-plant EIA,https://web.archive.org/web/2025/https://www.gov.br/ibama/pt-br/assuntos/notas/2025/ibama-publica-novo-termo-de-referencia-para-estudo-de-impacto-ambiental-de-usinas-termeletricas,wayback,,306839,b487c57cc70e43156b595eeb566ff3f4eeda8573cc2d29976789a0a4e4181d67,brazil/gov.br/wb_note.html,high,
2026-09-18,4f8176e9,brazil,probe-group,IBAMA,IBAMA thermal-plant search form page (fetched repeatedly; identical content each time),https://servicos.ibama.gov.br/licenciamento/consulta_empreendimentos.php,curl,,30780,7e4dbd07cdf3f0acea8fb82d54a4740194c4e6269b9678602850b6c0767fcbc9,,high,"grouped with brazil/post2.html (identical sha256, same size) — a failed POST attempt that returned the bare search form instead of results"
2026-09-18,4f8176e9,brazil,document,CETESB (Sao Paulo state environment agency),CETESB annual air-quality report (RQAR) 2023 — failed download,https://cetesb.sp.gov.br/ar/wp-content/uploads/sites/28/2024/08/Relatorio-de-Qualidade-do-Ar-no-Estado-de-Sao-Paulo-2023.pdf,cf_clearance,,0,e3b0c44298fc1c149afbf4c8996fb92427ae41e4649b934ca495991b7852b855,,high,0-byte failed download despite using a cached AWS WAF clearance token cookie
2026-09-18,4f8176e9,brazil,page,IBAMA,IBAMA process-detail page for UTE Novo Tempo Barcarena (cod_empreendimento 125474),https://servicos.ibama.gov.br/licenciamento/consulta_empreendimentos.php,form_post,,12731,9753075af7fef706ffc25ed652743ea7f62e963960eeeaa34af239bf61151f6a,brazil/servicos.ibama.gov.br/d_125474.html,high,"POST formDinAcao=Documentos do processo, cod_empreendimento=125474, vartipologia=9; process 02001.001018/2024-20"
2026-09-18,4f8176e9,brazil,page,IBAMA,IBAMA process-detail page for UTE Porto de Sergipe I (cod_empreendimento 125832; fetched twice with identical result),https://servicos.ibama.gov.br/licenciamento/consulta_empreendimentos.php,form_post,,15333,a02e751ca2dfe69c81f9418940b4c2414797c7ed72be2f02f7f30ed2f684f6f2,brazil/servicos.ibama.gov.br/ibama_detail2.html,high,"grouped with brazil/ibama_detail.html (identical sha256/size); POST with cod_empreendimento=125832, process 02001.022688/2020-56"
2026-09-18,4f8176e9,brazil,dataset,ANEEL,SIGA generation-plant registry CSV,https://dadosabertos.aneel.gov.br/dataset/6d90b77c-c5f5-4d81-bdec-7bc619494bb9/resource/11ec447d-698d-4ab8-977f-b424d5deee6a/download/siga-empreendimentos-geracao.csv,curl,,8448569,b52f42ff7a25dadfb8f5edcf183b6f63a5518ac1c776fcead557de1913172dda,brazil/dadosabertos.aneel.gov.br/siga.csv,high,ANEEL SIGA registry of licensed generation plants incl. CNPJ
2026-09-18,4f8176e9,brazil,page,Brazilian federal government (Planalto),Lei Complementar 140/2011 full text (environmental-licensing competencies),http://www.planalto.gov.br/ccivil_03/leis/lcp/lcp140.htm,curl,,54123,a170aa27b168abba1a093fe5403c9e14c6c52e36e1926b7b0a3813ce3da4e203,brazil/planalto.gov.br/lc140.html,high,
2026-09-18,4f8176e9,brazil,api-response,IBAMA (dadosabertos CKAN portal),"CKAN package_search results for query ""emissoes atmosfericas""",https://dadosabertos.ibama.gov.br/api/3/action/package_search?q=emiss%C3%B5es%20atmosf%C3%A9ricas,curl,,43704,c11b60fd41e96717c70f3dde566d771a2de39943d8625ad755968b6d9ea2ccb5,brazil/dadosabertos.ibama.gov.br/rapp_search2.json,high,
2026-09-18,4f8176e9,brazil,page,IBAMA,IBAMA process-detail page for UTE Portocem Geracao de Energia (cod_empreendimento 124961),https://servicos.ibama.gov.br/licenciamento/consulta_empreendimentos.php,form_post,,12731,cfcd3104d3c0601859cc13ddf9c4908c26a2860e0b93ea34c86f1e8cbd48182c,brazil/servicos.ibama.gov.br/d_124961.html,high,"POST formDinAcao=Documentos do processo, cod_empreendimento=124961, vartipologia=9; process 02001.016252/2023-71"
2026-09-18,4f8176e9,brazil,page,IBAMA,IBAMA thermal-plant (typology 9) search results page,https://servicos.ibama.gov.br/licenciamento/consulta_empreendimentos.php,form_post,,449757,63887fe7e5c29a3c33258d91a0d9a1f3afa0ef144f54991693ece3eeecec8b39,brazil/servicos.ibama.gov.br/ibama_post.html,high,POST formDinAcao=Pesquisar&vartipologia=9; returned 98 thermal-plant processes on one page
2026-09-18,4f8176e9,brazil,page,IBAMA,IBAMA process-detail page for UTE Porto de Sergipe I (cod_empreendimento 125832; fetched twice with identical result),https://servicos.ibama.gov.br/licenciamento/consulta_empreendimentos.php,form_post,,15333,a02e751ca2dfe69c81f9418940b4c2414797c7ed72be2f02f7f30ed2f684f6f2,brazil/servicos.ibama.gov.br/ibama_detail2.html,high,"grouped with brazil/ibama_detail2.html (identical sha256/size), see that row's notes; identical to another row; one copy kept"
2026-09-18,4f8176e9,brazil,dataset,IBAMA (derived locally from ibama_post.html),extracted table of 98 IBAMA thermal-plant (typology 9) licensing processes,https://servicos.ibama.gov.br/licenciamento/consulta_empreendimentos.php,form_post,,26415,e8dd44f703a61895231f8caa9c824e719a549721ca13d271f79113d10556785c,brazil/servicos.ibama.gov.br/ibama_ute_processes.csv,high,not itself downloaded from a URL — parsed locally by a Python script from brazil/ibama_post.html
2026-09-18,4f8176e9,brazil,page,Brazilian federal government (Planalto),Decreto 8.437/2015 full text (thermal-plant federal-licensing threshold),http://www.planalto.gov.br/ccivil_03/_ato2015-2018/2015/decreto/d8437.htm,curl,,38826,c809054cd7f01a49fa2992b3b6b5663df8e82e98da226ecb1b13cd464f1a9bae,brazil/planalto.gov.br/decreto8437.html,high,
2026-09-18,4f8176e9,brazil,document,PPI (Programa de Parcerias de Investimentos) / ppi.gov.br,LRCAP 2026 auction general-result PDF — blocked,https://ppi.gov.br/wp-content/uploads/2026/03/Resultado-geral-1.pdf,curl,,829,dabaa0cf84cb04b52a6f635354241f3bc2fd98491fd0fd455dcef2a62e7b1150,brazil/ppi.gov.br/lrcap.pdf,high,"829-byte file is a government WAF block page served with HTTP 200, not the real PDF; not found in Wayback either"
2026-09-18,4f8176e9,brazil,api-response,IBAMA (dadosabertos CKAN portal),"CKAN package_search results for query ""cadastro tecnico federal""",https://dadosabertos.ibama.gov.br/api/3/action/package_search?q=cadastro%20t%C3%A9cnico%20federal,curl,,126269,bdd65b860e4ac5d940810ff300caf2b296f9a023346757f1cffbd62d688d6a36,brazil/dadosabertos.ibama.gov.br/ctf_search.json,high,
2026-09-18,4f8176e9,brazil,probe-group,IBAMA,IBAMA thermal-plant search form page (fetched repeatedly; identical content each time),https://servicos.ibama.gov.br/licenciamento/consulta_empreendimentos.php,curl,,30780,7e4dbd07cdf3f0acea8fb82d54a4740194c4e6269b9678602850b6c0767fcbc9,,high,"grouped with brazil/post_attempt.html, see that row's notes"
2026-09-18,4f8176e9,brazil,api-response,IBAMA (dadosabertos CKAN portal),"CKAN package_search results for query ""RAPP""",https://dadosabertos.ibama.gov.br/api/3/action/package_search?q=RAPP,curl,,96955,6c976add281ab0cacbe3f7ea3b457a6363b48e43d937c561b08eeff9816805c1,brazil/dadosabertos.ibama.gov.br/rapp_search1.json,high,
2026-09-18,4f8176e9,brazil,api-response,IBAMA (dadosabertos CKAN portal),"CKAN package_show metadata for dataset ""unidade-poluidora""",https://dadosabertos.ibama.gov.br/api/3/action/package_show?id=unidade-poluidora,curl,,11414,cb26b12be11faf7b7adb4b54a56a0263cf9818421725151e6292f52fc3b030cc,brazil/dadosabertos.ibama.gov.br/unidade_poluidora.json,high,
2026-09-18,4f8176e9,brazil,probe-group,IBAMA,IBAMA thermal-plant search form page (fetched repeatedly; identical content each time),https://servicos.ibama.gov.br/licenciamento/consulta_empreendimentos.php,curl,,30770,14bcd9c263eb5a8691087006f77b2820661cf1319abe865918f05b3f7b6c62f6,,high,"grouped with brazil/form2.html and brazil/ibama_consulta.html (all three identical sha256/size) — plain GET of the search form, done three times across the session"
2026-09-18,4f8176e9,brazil,dataset,IBAMA,RAPP annual air-pollutant emissions report by CNPJ (2013-2025),https://dadosabertos.ibama.gov.br/dados/RAPP/emissoesPoluentesAtmosfericos/relatorio.csv,curl,,59373908,581e7be286e3c05b470d2f53319ff89553e2ec73603c2cc97a7fe4742bd782a5,brazil/dadosabertos.ibama.gov.br/relatorio_emissoes.csv,high,59MB semicolon-separated CSV; reports per CNPJ not per plant
2026-09-18,4f8176e9,brazil,page,IBAMA,IBAMA process-detail page for UTE Marlim Azul II (cod_empreendimento 124607),https://servicos.ibama.gov.br/licenciamento/consulta_empreendimentos.php,form_post,,13753,fe96090d8fe00387eda14ca517fde450ed3aefb6d8e180cae8615588f0893f60,brazil/servicos.ibama.gov.br/d_124607.html,high,"POST formDinAcao=Documentos do processo, cod_empreendimento=124607, vartipologia=9; process 02001.026078/2022-93"
2026-09-18,4f8176e9,brazil,probe-group,IBAMA,IBAMA thermal-plant search form page (fetched repeatedly; identical content each time),https://servicos.ibama.gov.br/licenciamento/consulta_empreendimentos.php,curl,,30770,14bcd9c263eb5a8691087006f77b2820661cf1319abe865918f05b3f7b6c62f6,,high,"grouped with brazil/consulta_form.html and brazil/ibama_consulta.html, see that row's notes"
2026-09-18,4f8176e9,brazil,page,IBAMA,"IBAMA process-detail page for UTE Porto de Sergipe I (documents tab, cod_empreendimento 125832)",https://servicos.ibama.gov.br/licenciamento/consulta_empreendimentos.php,form_post,,12731,02bad31f9da09534d41ebc0c2c625fe5205e91aabaa42c7515a1ae85a0d94b90,brazil/servicos.ibama.gov.br/ibama_docs.html,high,"POST formDinAcao=Documentos do processo, cod_empreendimento=125832, vartipologia=9"
2026-09-18,4f8176e9,brazil,page,gov.br / IBAMA,IBAMA news note announcing new 2025 ToR for thermal-plant EIA studies (live fetch attempt),https://www.gov.br/ibama/pt-br/assuntos/notas/2025/ibama-publica-novo-termo-de-referencia-para-estudo-de-impacto-ambiental-de-usinas-termeletricas,curl,,54779,f590255662ede0665adf82138da833711b6af641be1f4852a59f919225d6d1ba,brazil/gov.br/ibama_tr_note.html,high,
2026-09-18,4f8176e9,brazil,probe-group,IBAMA,IBAMA thermal-plant search form page (fetched repeatedly; identical content each time),https://servicos.ibama.gov.br/licenciamento/consulta_empreendimentos.php,curl,,30770,14bcd9c263eb5a8691087006f77b2820661cf1319abe865918f05b3f7b6c62f6,,high,"grouped with brazil/consulta_form.html and brazil/form2.html, see that row's notes"
2026-09-18,4f8176e9,brazil,api-response,IBAMA (dadosabertos CKAN portal),"CKAN package_show metadata for dataset ""emissoes-de-poluentes-atmosfericos"" (RAPP)",https://dadosabertos.ibama.gov.br/api/3/action/package_show?id=emissoes-de-poluentes-atmosfericos,curl,,11091,2ea9d6192a127721a80393d1fc475fb88b1345b08bf223c51a28410d9bd40d07,brazil/dadosabertos.ibama.gov.br/pkg_emissoes.json,high,
2026-09-18,4f8176e9,brazil,page,ADEMA (Sergipe state environment agency),ADEMA-SE environmental-studies listing page,https://adema.se.gov.br/estudos-ambientais-2/,curl,,61052,36abaa20c466cefdb98b5adb5d664e5114e2dabb7c1dee276cf290cd54eda112,brazil/adema.se.gov.br/adema_estudos.html,high,
2026-09-18,4f8176e9,vietnam,document,Vietnam Ministry of Agriculture and Environment (MAE),QCVN 19:2024/BTNMT national technical regulation on industrial emissions (signed PDF),https://mae.gov.vn/noidung/Lists/VBQPPL/Attachments/519/QCVN%20Khi%20thai%20cong%20nghiep_Signed.pdf,curl,,1147018,10f93cf948f523cbaa696aee52f1c9b75cf003c70cba3209361d757b8f870e97,vietnam/mae.gov.vn/qcvn19_2024.pdf,high,identical to another row; one copy kept
2026-09-18,4f8176e9,vietnam,document,World Bank,Phu My 3 BOT power plant Project Appraisal Document (PAD),https://documents1.worldbank.org/curated/en/927821468780593323/pdf/multi0page.pdf,curl,,7669697,e550b12dc904806a5bdea3458ae8d387b936be32c1fdf1fa6aa2d269627f5f85,vietnam/documents1.worldbank.org/phumy3_pad.pdf,high,
2026-09-18,4f8176e9,vietnam,document,"Academic (Roy et al. 2020, via University of Tennessee host)",Roy et al. 2020 academic paper on Vietnam power-sector emissions,http://acs.engr.utk.edu/publications/2020_Roy.pdf,curl,,1969816,dc131fa92ba1f627fead20bfce5f87d326fdadc8f9deb25139cacb40cd8b5182,vietnam/acs.engr.utk.edu/roy2020.pdf,high,
2026-09-18,1565c1b9,brazil,api-response,BrasilAPI (Receita Federal CNPJ registry),CNPJ registry record 00350763001215,https://brasilapi.com.br/api/cnpj/v1/00350763001215,curl_cffi,200,4592,dd01b7535f1a362aefa83924abf072af664a6db35a2fef5c345ff35ada33e5c7,brazil/brasilapi.com.br/cnpj_00350763001215.json,,"branch address, to locate the plant behind an IBAMA RAPP report"
2026-09-18,1565c1b9,brazil,api-response,BrasilAPI (Receita Federal CNPJ registry),CNPJ registry record 00350763001304,https://brasilapi.com.br/api/cnpj/v1/00350763001304,curl_cffi,200,4623,ba4bcded12f7faf960b951c91966574deb50c2bf84a2ba3a16e60d72c360b355,brazil/brasilapi.com.br/cnpj_00350763001304.json,,"branch address, to locate the plant behind an IBAMA RAPP report"
2026-09-18,1565c1b9,brazil,api-response,BrasilAPI (Receita Federal CNPJ registry),CNPJ registry record 00350763002610,https://brasilapi.com.br/api/cnpj/v1/00350763002610,curl_cffi,200,5003,45012308c3c9af7efb4889cede27f93dd1088f460dbbb5b48d895865c6b032c1,brazil/brasilapi.com.br/cnpj_00350763002610.json,,"branch address, to locate the plant behind an IBAMA RAPP report"
2026-09-18,1565c1b9,brazil,api-response,BrasilAPI (Receita Federal CNPJ registry),CNPJ registry record 00350763002700,https://brasilapi.com.br/api/cnpj/v1/00350763002700,curl_cffi,200,5008,5f2b6339c31b706d0c37f6647dfe2befaecd3834fe45270f4620da5fe6adc2e9,brazil/brasilapi.com.br/cnpj_00350763002700.json,,"branch address, to locate the plant behind an IBAMA RAPP report"
2026-09-18,1565c1b9,brazil,api-response,BrasilAPI (Receita Federal CNPJ registry),CNPJ registry record 00350763002882,https://brasilapi.com.br/api/cnpj/v1/00350763002882,curl_cffi,200,5004,7940b3845a8f0a46cd517fc621cf822bbf8ccf8543d4b589c49425ea9982f3cf,brazil/brasilapi.com.br/cnpj_00350763002882.json,,"branch address, to locate the plant behind an IBAMA RAPP report"
2026-09-18,1565c1b9,brazil,api-response,BrasilAPI (Receita Federal CNPJ registry),CNPJ registry record 00350763003692,https://brasilapi.com.br/api/cnpj/v1/00350763003692,curl_cffi,200,5005,510ae7fd2b0c1ddb31191065a5a0f2274a0ee2b9220a6ef17980be4985575003,brazil/brasilapi.com.br/cnpj_00350763003692.json,,"branch address, to locate the plant behind an IBAMA RAPP report"
2026-09-18,1565c1b9,brazil,api-response,BrasilAPI (Receita Federal CNPJ registry),CNPJ registry record 00350763003854,https://brasilapi.com.br/api/cnpj/v1/00350763003854,curl_cffi,200,5027,1fae54a8b263e2e959192bd937355190422f363fa917f3104eaef97aeaf3b5fa,brazil/brasilapi.com.br/cnpj_00350763003854.json,,"branch address, to locate the plant behind an IBAMA RAPP report"
2026-09-18,1565c1b9,brazil,api-response,BrasilAPI (Receita Federal CNPJ registry),CNPJ registry record 17957780000246,https://brasilapi.com.br/api/cnpj/v1/17957780000246,curl_cffi,200,5765,4012566ee2100ac1681c1dd6e507eebfe004306d987e04db501928d428f878d8,brazil/brasilapi.com.br/cnpj_17957780000246.json,,"branch address, to locate the plant behind an IBAMA RAPP report"
2026-09-18,1565c1b9,brazil,api-response,BrasilAPI (Receita Federal CNPJ registry),CNPJ registry record 17957780000327,https://brasilapi.com.br/api/cnpj/v1/17957780000327,curl_cffi,200,5743,7f0c749f5bd833ef98607dde60a50a681df5f6f02f2c9cb0a0c1bf8e563cfb08,brazil/brasilapi.com.br/cnpj_17957780000327.json,,"branch address, to locate the plant behind an IBAMA RAPP report"
2026-09-18,1565c1b9,brazil,api-response,BrasilAPI (Receita Federal CNPJ registry),CNPJ registry record 17957780000750,https://brasilapi.com.br/api/cnpj/v1/17957780000750,curl_cffi,200,5748,19d425970e60fbed24778f8ac2b562898c3c5d891e73116fab5cbcde60beb5ce,brazil/brasilapi.com.br/cnpj_17957780000750.json,,"branch address, to locate the plant behind an IBAMA RAPP report"
2026-09-18,1565c1b9,brazil,api-response,BrasilAPI (Receita Federal CNPJ registry),CNPJ registry record 33000167009249,https://brasilapi.com.br/api/cnpj/v1/33000167009249,curl_cffi,200,5085,28cbcc02df5b52f2195818c2b4f68c3fec858469ef0c23e7f65542cd0b4ff90e,brazil/brasilapi.com.br/cnpj_33000167009249.json,,"branch address, to locate the plant behind an IBAMA RAPP report"
2026-09-18,1565c1b9,brazil,api-response,BrasilAPI (Receita Federal CNPJ registry),CNPJ registry record 04423567000121,https://brasilapi.com.br/api/cnpj/v1/04423567000121,curl_cffi,200,4896,19283826db54050b5986f470d1e4e3ae6493099af96d1ec136ab4791e18b18b7,brazil/brasilapi.com.br/cnpj_04423567000121.json,,"branch address, to locate the plant behind an IBAMA RAPP report"
2026-09-18,1565c1b9,brazil,api-response,BrasilAPI (Receita Federal CNPJ registry),CNPJ registry record 03795050000281,https://brasilapi.com.br/api/cnpj/v1/03795050000281,curl_cffi,200,4706,f4a9995168931ef729bd20dd0bce1727e500d577510b5e4083a719146071348f,brazil/brasilapi.com.br/cnpj_03795050000281.json,,"branch address, to locate the plant behind an IBAMA RAPP report"
2026-09-18,1565c1b9,brazil,api-response,BrasilAPI (Receita Federal CNPJ registry),CNPJ registry record 00350763002530,https://brasilapi.com.br/api/cnpj/v1/00350763002530,curl_cffi,200,4580,e395d32f11be7cc2c7066246bc1713fa0a590b422847146350f12f746dcd63bd,brazil/brasilapi.com.br/cnpj_00350763002530.json,,"branch address, to locate the plant behind an IBAMA RAPP report"
2026-09-18,281213bc,vietnam,document,PVN (PetroVietnam),PVN 2024 Sustainability Report,https://www.pvn.vn/DataStore/2025/files/09/20250811_BC%20PTBV%20PVN_2024_VN_Final.pdf,curl,200,11376064,75db05be64de2cc7bfc8dc1f6419e843384639e32345d07541b938b275ce8972,vietnam/pvn.vn/pvn_sustainability_2024.pdf,,
2026-09-18,281213bc,vietnam,document,SERV (Swiss Export Risk Insurance),ESIA - Nhon Trach 3 and Nhon Trach 4 Power Plant,https://www.serv-ch.com/fileadmin/user_upload/files/Projektliste/A-Projekte/ESIA_Nhon_Trach_3_and_Nhon_Trach_4_Power_Plant.pdf,curl,200,47943676,56b1fe561f62c1b00f1d750ad161b572d973ea64fe5b5570eeb896cd9917c108,vietnam/serv-ch.com/esia_nhon_trach_3_4.pdf,,
2026-09-18,281213bc,vietnam,document,SERV (Swiss Export Risk Insurance),Project Description - Nhon Trach Petrovietnam,https://www.serv-ch.com/fileadmin/user_upload/files/Projektliste/A-Projekte/Project_Description_Nhon_Trach_Petrovietnam.pdf,curl,200,116343,af78b0814431d5c294256ca26e7f78ea30d989e69164816a43c2995c3d0871fd,vietnam/serv-ch.com/project_description_nhon_trach.pdf,,
2026-09-18,281213bc,vietnam,document,PV Power (SMBC lender monitoring - Mott MacDonald),Nhon Trach 3 & 4 CCPP Construction Monitoring Report 4 (SMBC),http://pvpower.vn/pow-media/to-pr/608429100-SMBC-CM04_Nhon-Trach-3amp4-CCPP_Mar2025_submission-1.pdf,curl,200,6231968,e6c956ec1833a668c243083be2635d10bad02fd23291c2d0919bf3d07aac09a5,vietnam/pvpower.vn/nhontrach34_smbc_cm04.pdf,,byte-identical to nhontrach34_smbc_cm04.pdf (2026-09-17 download); duplicate copy
2026-09-18,281213bc,vietnam,document,PV Power (POW),PV Power 2024 Annual Report (Khat Vong),http://pvpower.vn/pow-media/to-ir/18-4-25---BCTN-2024---VIET.pdf,curl,200,18536099,4152854a36577e1db99ec7efd0b74227ab0176f1b1c4df82c9f2c02f94449bc1,vietnam/pvpower.vn/pow_annual_report_2024.pdf,,
2026-09-18,281213bc,vietnam,document,"PetroVietnam Power Nhon Trach 2 JSC (NT2), via Vietstock CBTT",NT2 Annual Report 2024,https://static2.vietstock.vn/vietstock/2025/4/3/20250403_20250403___nt2___cbtt_bao_cao_thuong_nien_nam_2024.pdf,curl,200,4595069,f20f193883d1082bb66ea02ae75ae91666088470e9f3b58c375e9478a57e0f8f,vietnam/vietstock.vn/nt2_annual_report_2024.pdf,,
2026-09-18,281213bc,vietnam,document,Asian Development Bank,"Environmental Assessment Report: O Mon IV Thermal Power Project (January 2011, prepared by Electricity Viet Nam for ADB)",https://www.adb.org/sites/default/files/linked-documents/43400-013-vie-eiaab.pdf,curl,200,12075610,3dacb22a310085f1c3a25afd59325be2d285d002ac6f8a17976671c2080e6ef9,vietnam/adb.org/omon4_eia.pdf,,ADB project 43400-013; contains Table 7 design/emission parameters (NOx/SOx/PM10/CO by fuel type) and QCVN 22:2009/BTNMT vs IFC EHS comparison tables; byte-identical to omon4_eia.pdf (2026-09-17 download); duplicate copy
2026-09-18,281213bc,vietnam,document,MAE / thamvan.mae.gov.vn (consultation portal),Ba Ria thermal power GPMT report (portal id 5807),https://thamvan.mae.gov.vn/Uploads/23072025/04BC%20De%20xuat%20cap%20GPMT%20Cong%20ty%20CP%20Nhiet%20dien%20Ba%20Ria.pdf,curl,,17061529,cdffd10b8593fd5a3c1883fa5f73160287982c1248e25c808d1516f577351fd6,vietnam/thamvan.mae.gov.vn/baria_gpmt_2025.pdf,,"scanned, no text layer; OCR'd per page; lab certificates carry staff names - not copied"
2026-09-18,281213bc,vietnam,document,MAE / thamvan.mae.gov.vn (consultation portal),"Ca Mau 1&2 GPMT report, main volume (portal id 5894)",https://thamvan.mae.gov.vn/Uploads/21092025/UMBC%20DTM%20PD.pdf,curl,,73123057,7fc65d644307a050e9dc6777b25717a62c7b3fcfc4c38ff5f202feb87491bb7b,vietnam/thamvan.mae.gov.vn/camau12_gpmt_2025_main.pdf,,legacy-font text layer; printed page = PDF page - 9
2026-09-18,281213bc,vietnam,document,MAE / thamvan.mae.gov.vn (consultation portal),"Ca Mau 1&2 GPMT report, annex part 1 (portal id 5894)",https://thamvan.mae.gov.vn/Uploads/21092025/BC%20DTM%20PD_1.pdf,curl,,73333638,dff56f48fdcfae5fa0808e584f0256d03000282de1f574cc794b26a7135bab2f,vietnam/thamvan.mae.gov.vn/camau12_gpmt_2025_part1.pdf,,"includes the Jan 2004 Ca Mau 1 DTM (design stack values, PDF pp. 59-62)"
2026-09-18,281213bc,vietnam,document,MAE / thamvan.mae.gov.vn (consultation portal),"Ca Mau 1&2 GPMT report, annex part 2 (portal id 5894)",https://thamvan.mae.gov.vn/Uploads/21092025/BC%20DTM%20PD_2.pdf,curl,,73289230,c927d1a2fa8af1b8dd7f3460e95d14bf3d31e0306db6e83a5eb823ff2f78b218,vietnam/thamvan.mae.gov.vn/camau12_gpmt_2025_part2.pdf,,
2026-09-18,281213bc,vietnam,document,MAE / thamvan.mae.gov.vn (consultation portal),"Ca Mau 1&2 GPMT report, annex part 3 (portal id 5894)",https://thamvan.mae.gov.vn/Uploads/21092025/BC%20DTM%20PD_3.pdf,curl,,73140597,c93e84fcae969c02a7f6bc65cfe256d21d37f2e2396cce4fcaafe457ac819c7e,vietnam/thamvan.mae.gov.vn/camau12_gpmt_2025_part3.pdf,,
2026-09-18,281213bc,vietnam,document,MAE / thamvan.mae.gov.vn (consultation portal),"Ca Mau 1&2 GPMT report, annex part 4 (portal id 5894)",https://thamvan.mae.gov.vn/Uploads/21092025/BC%20DTM%20PD_4.pdf,curl,,73360852,7fa5d92282c0c6d2fc082143879094f33b74e79c0c166adaff91daa19679be5a,vietnam/thamvan.mae.gov.vn/camau12_gpmt_2025_part4.pdf,,
2026-09-18,281213bc,vietnam,document,MAE / thamvan.mae.gov.vn (consultation portal),"Ca Mau 1&2 GPMT report, annex part 5 (portal id 5894)",https://thamvan.mae.gov.vn/Uploads/21092025/BC%20DTM%20PD_5.pdf,curl,,57180728,54a10b91f67e653a1de1f045eef4a8e3b1d242e78c5603df0d1302dce7649565,vietnam/thamvan.mae.gov.vn/camau12_gpmt_2025_part5.pdf,,
